hash,repo,date,author,subject,files_changed,files_in_components,lines_added,lines_deleted,net_lines,large_commit,package_json_changed,complexity_delta,useEffect_added,useState_added,useCallback_added,useMemo_added,useContext_added,useReducer_added,memo_added,lazy_added,inline_arrow_functions,console_log_added,import_count_delta,nested_components,previous_commit_performance,performance_trend_7d,time_since_last_regression,deployment_frequency,bundle_size_delta,component_count_delta,hook_density,optimization_ratio,is_regression,regression_score
379a53eca57893acf463ead8afc306a72eeff429,joplin,2026-04-05 18:47:58 +0100,Laurent Cozic,"Revert ""Desktop: Fixes #14613: Fix JPEG image paste from clipboard on Linux (#14750)""",2,0,19,83,-64,0,0,-3,0,0,0,0,0,0,0,0,0,0,0,0,-1,0.0,-1,24,0.0,0,0.0,0.0,0,-1
671a7c9acf4800c6e3e6d6c8c4058fcea16f0706,joplin,2026-04-05 08:44:50 -0400,Aissa Benfodda,Server: Fixes #583: Redirect to correct share when following links between independently published notes (#14963),3,0,84,1,83,0,0,6,0,0,0,0,0,0,0,0,0,0,0,0,-1,0.0,-1,22,0.0,0,0.0,0.0,0,2
a8a6fe25205b1c3ac08a239443354426c511b8bd,joplin,2026-04-05 18:14:18 +0530,Sriram Varun Kumar,Mobile: Fixes #14984: Fix encrypted notes not decrypting after updating master password (#14996),2,2,58,6,52,0,0,2,0,0,0,0,0,0,0,0,0,0,2,0,-1,0.0,-1,23,0.0,0,0.0,0.0,0,0
c5bcb170e9cfa8da45a986704606169aef50fa21,joplin,2026-04-05 17:43:49 +0500,Zain Ul Abedin,Mobile: Fixes #14771: Prevent Note Tags dialog from closing before discard confirmation on web (#14998),3,3,39,16,23,0,0,5,0,0,2,0,0,0,0,0,0,0,0,0,-1,0.0,-1,20,0.0,0,2.0,2.0,0,-2
b6ce57aad57e5d981855a8508289acd308c039fb,joplin,2026-04-05 18:07:14 +0530,Sriram Varun Kumar,Chore: Mobile: Fixes #14974: Settings > Editor > Editor font has no effect on the Rich Text Editor (#15014),1,1,1,1,0,0,0,0,0,0,0,0,0,0,0,0,0,0,0,0,-1,0.0,-1,22,0.0,0,0.0,0.0,0,0
c9cebd6016b28826b4746c5ad8f1aab254267471,joplin,2026-04-05 17:46:30 +0530,Harsh Gupta, Desktop: Fixes #12910: Fixed Custom Dictionary.txt being saved to wrong directory (#14749),4,0,62,13,49,0,0,5,0,0,0,0,0,0,0,0,0,1,0,0,-1,0.0,-1,21,0.0,0,0.0,0.0,0,1
76f0f1494e921d7c241f56df7aadf46287725c76,joplin,2026-04-04 08:44:12 -0700,Henry Heino,Chore: Development: Fix VSCode 1.114.0 shows a large number of `tsc` errors (#14989),5,0,12,12,0,0,0,0,0,0,0,0,0,0,0,0,0,0,0,0,-1,0.0,-1,18,0.0,0,0.0,0.0,0,0
e4f916bea5b056ff6e55fecaa3655e390cbe4718,joplin,2026-04-04 21:13:57 +0530,Harsh Gupta,Desktop: Fixes #14990: Fix inline formatting with trailing/leading whitespace (#14991),2,0,38,3,35,0,0,2,0,0,0,0,0,0,0,0,0,0,0,0,-1,0.0,-1,21,0.0,0,0.0,0.0,0,0
cf9098e6a35206e6e0d81c47031a5d2d5df0a887,joplin,2026-04-04 21:08:21 +0530,Sriram Varun Kumar,Mobile: Fixes #14974: Fix editor font setting being ignored in the Rich Text Editor (#14995),1,1,8,4,4,0,0,0,0,0,0,0,0,0,0,0,0,0,2,0,-1,0.0,-1,20,0.0,0,0.0,0.0,0,0
18ffdb2f5011b50fb03da3bdd9a6375069ed719b,joplin,2026-04-04 11:23:30 -0400,Vishal Patel,Mobile: Add toolbar button reordering with up/down arrows (#14485),6,6,685,57,628,1,0,26,5,0,13,3,0,0,0,0,0,0,19,0,-1,0.0,-1,19,0.0,0,21.0,3.2,1,5
acd2ef4edf10b3048e3be6c8996ddff8724facff,joplin,2026-04-02 21:13:52 +0530,Himanshu Mishra,Desktop: Replace smalltalk with React Dialog to add password visibility in encryption setup (#14739),1,0,75,3,72,0,0,7,0,2,0,0,0,0,0,0,0,0,4,0,-1,0.0,-1,26,0.0,0,2.0,0.0,0,2
9d91d4f85cd48830b569ee04e449ed78e22f8219,joplin,2026-04-02 11:34:48 -0400,Aissa Benfodda,"Desktop: Fixes #12994: Share owner sees ""Leave notebook"" instead of ""Share notebook"" when server is offline (#14923)",3,1,19,1,18,0,0,2,0,0,0,0,0,0,0,0,0,0,0,0,-1,0.0,-1,22,0.0,0,0.0,0.0,0,0
635af9748aa6d2250af839c911aa346e59b75f59,joplin,2026-04-02 21:04:20 +0530,Devrajsinh Gohil,macOS: Resolves #9637: Added fullscreen shortcut (Ctrl + Cmd + F) (#14926),1,0,6,0,6,0,0,0,0,0,0,0,0,0,0,0,0,0,0,0,-1,0.0,-1,25,0.0,0,0.0,0.0,0,0
612e5a08f30c1854d6bd307c3e0dbbe0286ee41e,joplin,2026-04-02 20:59:13 +0530,Harsh Gupta,Desktop: Fixes #14950: Inline computed styles when copying from the Markdown preview pane (#14973),1,0,4,2,2,0,0,0,0,0,0,0,0,0,0,0,0,0,0,0,-1,0.0,-1,24,0.0,0,0.0,0.0,0,0
9e836a89849eb29129343b711692d15914167ab4,joplin,2026-04-02 20:08:26 +0500,Zain Ul Abedin,Mobile: Fixes #14771: Show confirmation dialog before closing tags dialog with unsaved changes (#14777),1,1,28,2,26,0,0,3,0,0,2,1,0,0,0,0,0,0,1,0,-1,0.0,-1,23,0.0,0,3.0,3.0,0,-2
0cc79724c30160e9ab2307c241ec64064f6cd150,joplin,2026-03-31 20:30:44 +0200,FischLu,Desktop: Enable Copy and Select All in viewer and read-only modes (#14956),2,0,48,5,43,0,0,0,0,0,0,0,0,0,0,0,0,0,0,0,-1,0.0,-1,19,0.0,0,0.0,0.0,0,0
e6fddd054a43ecbaa2cb50a5f00b0573516ba374,joplin,2026-03-31 15:58:12 +0100,mrjo118,Desktop: Fixes #14628: Fix incorrectly re-instated code (#14962),2,0,0,30,-30,0,0,-3,0,0,0,0,0,0,0,0,0,0,0,0,-1,0.0,-1,17,0.0,0,0.0,0.0,0,0
860b22b0e767fe6aea7e2d00f01a4343cfef22c0,joplin,2026-03-31 07:57:52 -0700,Henry Heino,"Desktop,Cli: Fixes #14954: Fix changes made in an external editor are sometimes ignored (#14957)",2,0,183,41,142,0,0,4,0,0,0,0,0,0,0,0,0,0,8,0,-1,0.0,-1,17,0.0,0,0.0,0.0,0,1
281b0ed12403366a83f65e42d8236d6226d412b6,joplin,2026-03-31 20:47:27 +0600,Fardin96,Mobile: Fixes #11122: Tag's note list fails to update after removing the tag from a note (#14944),3,0,26,0,26,0,0,1,0,0,0,0,0,0,0,0,0,0,0,0,-1,0.0,-1,20,0.0,0,0.0,0.0,0,0
c8bfcb16be768ab73ed62ce1464de7b9d34db6eb,joplin,2026-03-31 19:54:36 +0530,Dipanshu Rawat,"Desktop: Fixes #14890: Disable ""Expand all notebooks"" button when no sub-notebooks exist (#14891)",2,0,17,4,13,0,0,0,0,0,0,1,0,0,0,0,1,0,1,0,-1,0.0,-1,18,0.0,0,1.0,1.0,0,-2
634956bcc645f7cc8de09dce05e477a4ddc3cd67,joplin,2026-04-01 01:13:22 +1100,Alex,Desktop: Fixes #9436: Fix Markdown export losing folders that differ only by special characters (#14869),2,0,68,4,64,0,0,4,0,0,0,0,0,0,0,0,0,0,0,0,-1,0.0,-1,21,0.0,0,0.0,0.0,0,1
346ab9813385a2a13c3cf467d4092f129a224594,joplin,2026-03-31 07:11:15 -0700,Henry Heino,Desktop: Upgrade Electron to v40.8.3 (#14882),2,0,19,4,15,0,0,4,0,0,0,0,0,0,0,0,0,0,0,0,-1,0.0,-1,16,0.0,0,0.0,0.0,0,1
55008c9de9c20c13ce8f76b2a77ebaed86f3f6e6,joplin,2026-03-31 03:30:42 -0700,Henry Heino,Chore: Mobile: Add `/pluginAssets` to .gitignore (#14961),29,0,0,59,-59,0,0,0,0,0,0,0,0,0,0,0,0,0,0,0,-1,0.0,-1,15,0.0,0,0.0,0.0,0,-1
f4ba70c49cefb1e74ea0854e0967b196e774e734,joplin,2026-03-30 13:06:52 +0100,mrjo118,Desktop: Fixes #14628: Fix renderer crashes still occuring due to incorrect merge (#14953),2,0,28,2,26,0,0,5,0,0,0,0,0,0,0,0,0,0,0,0,-1,0.0,-1,19,0.0,0,0.0,0.0,0,1
75cd9b4cb73aa92b1cb98867ab1ac0beb176ca79,joplin,2026-03-30 00:51:30 +0530,Sandesh Prakash Dawkhar,Desktop: Fixes #14919: Prevent Plugin API callback registry memory leak (#14920),2,0,8,2,6,0,0,0,0,0,0,0,0,0,0,0,0,0,0,0,-1,0.0,-1,18,0.0,0,0.0,0.0,0,0
43120d2b3e2c25aa553b4d69c19771ee200bd0b5,joplin,2026-03-29 16:10:30 +0530,Kaushalendra Singh,Desktop: Fixes #14628: prevent renderer crash when closing secondary window (#14849),4,0,66,27,39,0,0,2,0,0,0,0,0,0,0,0,0,1,-1,0,-1,0.0,-1,17,0.0,0,0.0,0.0,0,0
5656731dca5c3d147bc57ae123b9c26ce487ef80,joplin,2026-03-29 17:39:22 +0700,jellyfrostt,Chore: Mobile: Fixes #14834: Fix JSDOM scrollIntoView error in tests (#14870),2,2,13,2,11,0,0,2,0,0,0,0,0,0,0,0,0,0,1,0,-1,0.0,-1,18,0.0,0,0.0,0.0,0,0
4cfe54161d0df401ea475d1463c4193204bbd9d6,joplin,2026-03-29 11:38:05 +0100,Laurent Cozic,Chore: Add appClose logger statements to desktop app (#14927),5,0,49,39,10,0,0,-1,0,0,0,0,0,0,0,0,0,0,1,0,-1,0.0,-1,16,0.0,0,0.0,0.0,0,0
e7099213106245aab27ea382e55f43362d24d8a6,joplin,2026-03-27 17:55:28 +0530,Manvendra Kumar Singh,Chore: Fixes #14878: Prevent focusing undefined titleInputRef in dialog (#14879),1,0,4,1,3,0,0,2,0,0,0,0,0,0,0,0,0,0,0,0,-1,0.0,-1,20,0.0,0,0.0,0.0,0,0
516981b80c836d6e421c1a2ddcfae4658e7d7b42,joplin,2026-03-27 05:21:13 -0700,Henry Heino,Desktop: Fixes #14628: Fix crash when closing secondary windows (#14892),1,0,21,2,19,0,0,4,0,0,0,0,0,0,0,0,0,0,0,0,-1,0.0,-1,17,0.0,0,0.0,0.0,0,1
a90d1629892c081df9b58721d7ba047e9b688a8f,joplin,2026-03-27 12:18:40 +0000,Laurent Cozic,Server: Move deletion of objects outside of transaction block (#14898),2,0,8,5,3,0,0,0,0,0,0,0,0,0,0,0,0,0,0,0,-1,0.0,-1,16,0.0,0,0.0,0.0,0,0
6cf9f1cc112251e23ae001159bcc7721ad45a64f,joplin,2026-03-27 05:17:12 -0700,Henry Heino,Windows: Fixes #14903: Fix most Windows-specific test failures (#14904),11,0,54,29,25,0,0,1,0,0,0,0,0,0,0,0,0,0,5,0,-1,0.0,-1,16,0.0,0,0.0,0.0,0,0
ee7362564c2fbf2543a501daa9aa7be25a271336,joplin,2026-03-27 05:13:25 -0700,Henry Heino,Chore: CI: Fix test warnings (#14907),2,1,9,3,6,0,0,0,0,0,0,0,0,0,0,0,0,0,0,0,-1,0.0,-1,15,0.0,0,0.0,0.0,0,0
cdf5367934730a4e308cd0772a7d472fb4780113,joplin,2026-03-27 17:13:18 +0500,Muhammad Zohaib Irshad,Clipper: Make the styling of dialogues consistent (#14908),1,0,5,1,4,0,0,0,0,0,0,0,0,0,0,0,0,0,0,0,-1,0.0,-1,17,0.0,0,0.0,0.0,0,0
7a76c31c266d7670734b3297099d073dcc83a7af,joplin,2026-03-27 05:10:56 -0700,Henry Heino,Chore: Server: Fix incorrect error message (#14915),1,0,1,1,0,0,0,0,0,0,0,0,0,0,0,0,0,0,0,0,-1,0.0,-1,14,0.0,0,0.0,0.0,0,0
004ab78a7a64a0c953b44559628e23d2f67490c7,joplin,2026-03-27 17:40:27 +0530,Sandesh Prakash Dawkhar,Desktop: Fixes #14914: RTE checklists should create unchecked items on Enter (#14918),1,0,24,0,24,0,0,6,0,0,0,0,0,0,0,0,0,0,0,0,-1,0.0,-1,19,0.0,0,0.0,0.0,0,2
a7067c30c459116df8fd913a82bd4511a13f4d49,joplin,2026-03-27 17:17:41 +0530,Ashutosh Singh,Desktop: Fixes #9673: Frontmatter export: Include notebook icon in frontmatter export (#14582),5,0,176,5,171,0,0,31,0,0,0,0,0,0,0,0,0,0,7,0,-1,0.0,-1,18,0.0,0,0.0,0.0,0,2
0fa3a509d65be723a6e7768d43c3d599ddb01da3,joplin,2026-03-24 12:39:45 +0000,Laurent Cozic,"Mobile, Desktop: Revert: Start sync when app opens or resumes (#14889)",3,0,4,52,-48,0,0,-3,0,0,0,0,0,0,0,0,0,0,0,0,-1,0.0,-1,22,0.0,0,0.0,0.0,0,0
741e1b19e5254b5aeb414a104c79d3573c280b51,joplin,2026-03-23 15:51:59 +0000,Laurent Cozic,"Revert ""Desktop Fix: #14788 prevent sync panel from jumping during sync"" (#14875)",2,0,8,9,-1,0,0,0,0,0,0,0,0,0,0,0,0,0,0,0,-1,0.0,-1,28,0.0,0,0.0,0.0,0,0
6637c05cc82f43090045c73826a7688c7cfb5bbf,joplin,2026-03-23 18:07:18 +0530,dipok,CLI: Add `clear` command to clear console output (#14844),2,0,25,0,25,0,0,0,0,0,0,0,0,0,0,0,0,0,3,0,-1,0.0,-1,30,0.0,0,0.0,0.0,0,0
5877670e331185e3ba38cf1a577747c41f67f90b,joplin,2026-03-23 14:33:19 +0200,Yousef Genedy,Mobile: Resolves #14789: Implement note attachments management screen (#14818),8,5,684,2,682,1,0,33,4,6,10,3,0,0,0,0,7,0,25,0,-1,0.0,-1,27,0.0,2,7.6667,1.3,1,9
2320beec396fca0e997b6a1d13604fc0529b0c3b,joplin,2026-03-23 17:56:14 +0530,Dipanshu Rawat,Desktop Fixes #14788: Prevent sync panel from jumping during sync (#14792),2,0,9,8,1,0,0,0,0,0,0,0,0,0,0,0,0,0,0,0,-1,0.0,-1,29,0.0,0,0.0,0.0,0,0
a0effc9ff855448571a720f859c8a89fa66d1551,joplin,2026-03-23 17:12:34 +0500,Ehtesham Zahid,Desktop: Resolves #14778: Improve checkbox completion icon in detailed note list (#14780),2,0,13,11,2,0,0,0,0,0,0,0,0,0,0,0,0,0,0,0,-1,0.0,-1,29,0.0,0,0.0,0.0,0,0
9fbca6806279372bfecbf72cc340ea0ce458909b,joplin,2026-03-22 23:14:16 +0000,Laurent Cozic,"Chore: Removed some ""any"" variables (#14825)",88,8,308,406,-98,1,0,0,0,0,0,0,0,0,0,0,0,0,5,0,-1,0.0,-1,28,0.0,-1,0.0,0.0,1,4
9c23574977979ec2ddb69855a49c85832de16289,joplin,2026-03-21 05:17:43 -0700,Henry Heino,Chore: Server: Remove auto-generated explicit any in `types.ts` (#14855),2,0,2,2,0,0,0,0,0,0,0,0,0,0,0,0,0,0,0,0,-1,0.0,-1,29,0.0,0,0.0,0.0,0,0
fe5ff9842935874ff2dbdbe246a080763cda5d2c,joplin,2026-03-21 05:17:30 -0700,Henry Heino,Chore: Editor: Strengthen compatibility layer event types (#14856),1,0,38,15,23,0,0,1,0,0,0,0,0,0,0,0,0,0,0,0,-1,0.0,-1,28,0.0,0,0.0,0.0,0,0
638485376c701b256659771d3a74e341ea6a10ed,joplin,2026-03-21 17:44:37 +0530,Rohit,All: Fixes #14540: Prevent duplicate tags caused by Unicode normalization (#14599),5,2,168,46,122,0,0,8,0,0,0,0,0,0,0,0,1,0,0,0,-1,0.0,-1,30,0.0,0,0.0,0.0,0,2
575f4235c39b12263f1209ef179b31f63926abcb,joplin,2026-03-21 13:05:55 +0100,Victor Gherardi,iOS: Fixes #12968: Fix mobile app unable to attach file with special characters in the name (#14736),3,3,3,3,0,0,0,0,0,0,0,0,0,0,0,0,0,0,0,0,-1,0.0,-1,30,0.0,0,0.0,0.0,0,0
05fc3e91048e46de0223bbc3f4f36bf9ee39e2cb,joplin,2026-03-20 22:02:06 +0200,moaaz,Desktop: Fixes #14613: Fix JPEG image paste from clipboard on Linux (#14750),2,0,83,19,64,0,0,3,0,0,0,0,0,0,0,0,0,0,0,0,-1,0.0,-1,28,0.0,0,0.0,0.0,0,1
064e72c43a64d54674dad22c7a742ba2ad36e8d1,joplin,2026-03-20 10:20:10 +0000,Laurent Cozic,"Revert ""Desktop: Resolves #7914: Add support for Ctrl/Cmd+Wheel to zoom in and out (#14684)""",3,0,0,65,-65,0,0,-1,0,0,0,0,0,0,0,0,0,0,-6,0,-1,0.0,-1,27,0.0,0,0.0,0.0,0,-1
088d8eb159649925a86deb5fff67b154db2b8899,joplin,2026-03-20 10:18:42 +0000,mrjo118,"Mobile: Disable auto correct, auto complete and auto capitalize for setting search field (#14810)",1,1,3,0,3,0,0,0,0,0,0,0,0,0,0,0,0,0,0,0,-1,0.0,-1,26,0.0,0,0.0,0.0,0,0
93f4c97433e102397cddf8abce9a0ae3953fd67a,joplin,2026-03-20 03:17:23 -0700,Henry Heino,Chore: Desktop: Fix warning during build: Migrate away from the deprecated Sass API (#14803),1,0,15,24,-9,0,0,-1,0,0,0,0,0,0,0,0,0,0,0,0,-1,0.0,-1,25,0.0,0,0.0,0.0,0,0
eeeb7d6ba153c81b48b7a29dc59e6c84948711c0,joplin,2026-03-20 03:16:04 -0700,Henry Heino,Desktop: Accessibility: Fix accessibility issues flagged by automated tools in the note properties dialog (#14798),3,0,25,12,13,0,0,0,0,0,0,0,0,0,0,0,0,0,0,0,-1,0.0,-1,24,0.0,0,0.0,0.0,0,0
40735963732917aee1e53c52cbbfccae3c1ba7a0,joplin,2026-03-20 01:46:43 +0100,Victor Gherardi,Chore: Fixes #14832: CI: Update handleAnchorClick tests to use dispatchEvent for click simulation (#14833),1,0,29,8,21,0,0,1,0,0,0,0,0,0,0,0,0,0,0,0,-1,0.0,-1,23,0.0,0,0.0,0.0,0,0
c16eb16af4ce94f4c8fef528aa99c17fd18fe78b,joplin,2026-03-19 07:20:02 -0700,Henry Heino,Chore: Desktop: Re-enable settings screen accessibility tests (#14793),1,0,19,19,0,0,0,0,0,0,0,0,0,0,0,0,0,0,1,0,-1,0.0,-1,31,0.0,0,0.0,0.0,0,0
4c103173bad93391170861b8200f0e04f2a82e8b,joplin,2026-03-18 15:33:42 +0530,Vinayreddy765,Desktop: Resolves #14717: Improve clarity of master password warning message (#14724),1,0,1,1,0,0,0,0,0,0,0,0,0,0,0,0,0,0,0,0,-1,0.0,-1,34,0.0,0,0.0,0.0,0,0
6d919376dc7a6b7b0c653ad20c7a75ecda709f81,joplin,2026-03-18 11:55:44 +0200,Moaz Hashem,Desktop: Resolves #14797: Completed date/time is shown as a number (#14808),1,0,1,1,0,0,0,0,0,0,0,0,0,0,0,0,0,0,0,0,-1,0.0,-1,31,0.0,0,0.0,0.0,0,0
08dac7f60b1a57518ce6722b6f8ec620c129f4b2,joplin,2026-03-18 15:25:33 +0530,Harsh Gupta,Desktop: Fixes #14245: Incomplete (out of screen) ABC Sheet Music rendering (#14767),3,0,30,0,30,0,0,4,0,0,0,0,0,0,0,0,0,0,0,0,-1,0.0,-1,33,0.0,0,0.0,0.0,0,1
087e271f611f7bb6e5b2476dccd4489d7af0bb27,joplin,2026-03-18 15:24:50 +0530,Kaushalendra Singh,Desktop: Fixes #14223: Fix OneNote zip import path when .one files are at root level (#14605),1,0,21,7,14,0,0,4,0,0,0,0,0,0,0,0,0,0,1,0,-1,0.0,-1,32,0.0,0,0.0,0.0,0,1
ea4efa6a16b9c6208d7ad5d911216089c72be8c4,joplin,2026-03-17 20:49:24 +0000,Laurent Cozic,"Revert ""Resolves #12208 Joplin Desktop UI overlap in top left corner on small screens (#14667)""",5,0,49,55,-6,0,0,-1,0,0,0,0,0,0,0,0,1,0,1,0,-1,0.0,-1,31,0.0,1,0.0,0.0,0,0
0e6cafbe9f4053acd3542d906a2d0a777d0f1bdf,joplin,2026-03-17 10:53:05 -0700,Henry Heino,Server: Fix share processing task failure (#14795),1,0,3,6,-3,0,0,-1,0,0,0,0,0,0,0,0,0,0,0,0,-1,0.0,-1,45,0.0,0,0.0,0.0,0,0
5abd5803fb4381a55aced9af781e0a0cd18e5816,joplin,2026-03-16 21:34:40 +0000,mrjo118,Mobile: Fixes #14722: Fix incorrect sizing of the tag association screen when opening and dismissing the onscreen keyboa,2,2,14,3,11,0,0,0,0,0,0,0,0,0,0,0,0,0,1,0,-1,0.0,-1,37,0.0,0,0.0,0.0,0,0
615677cf1846e72d1e6a0f790a240eaf0d1b2abc,joplin,2026-03-16 23:33:42 +0200,Kareem Abu Al Enein,Mobile: Fixes #13957: Fixed log screen auto-scroll loop during search (#14757),1,1,8,1,7,0,0,1,0,0,0,0,0,0,0,0,0,0,0,0,-1,0.0,-1,39,0.0,0,0.0,0.0,0,0
21d12a2b46ae5874ab7afded416945d9dd071c7f,joplin,2026-03-17 02:55:28 +0530,Ashutosh Singh,Desktop: Resolves #7914: Add support for Ctrl/Cmd+Wheel to zoom in and out (#14684),3,0,65,0,65,0,0,1,1,0,0,0,0,0,0,0,0,0,6,0,-1,0.0,-1,44,0.0,0,1.0,0.0,0,2
11c17d43eb80400c2f5de80e28b2382c9d8f0c65,joplin,2026-03-17 02:53:40 +0530,Anuradha Verma,Desktop: Fix note list losing focus after moving note to trash (#14650),3,0,63,0,63,0,0,1,1,0,0,0,0,0,0,0,0,0,5,0,-1,0.0,-1,43,0.0,0,1.0,0.0,0,2
3a9fbc7e67d20cd67e7e044f17c49d02c3e4eca3,joplin,2026-03-17 02:21:16 +0530,Keshav,Mobile: Fixes #14727: Fix OneDrive auth code double-encoding on mobile (#14776),1,1,12,4,8,0,0,2,0,0,0,0,0,0,0,0,0,0,0,0,-1,0.0,-1,42,0.0,0,0.0,0.0,0,0
c9aaaa952e36a05a574447d5a476df2b5a5d8b84,joplin,2026-03-17 02:20:39 +0530,madhan112007,Mobile: Fixes #14286: Fix openFolder x-callback-url link on Android (#14765),2,0,18,0,18,0,0,3,0,0,0,0,0,0,0,0,0,0,3,0,-1,0.0,-1,41,0.0,0,0.0,0.0,0,1
d97121a63ab0109f9e7ddc3d19780e6225f31e94,joplin,2026-03-17 02:20:11 +0530,Keshav,Mobile: Fixes #14685: Restrict sidebar gestures to notebook list (#14733),1,0,5,3,2,0,0,0,0,0,0,0,0,0,0,0,0,0,0,0,-1,0.0,-1,40,0.0,0,0.0,0.0,0,0
4bd98f48198b8aee331dfcab35d0dd6167e85b05,joplin,2026-03-16 22:49:41 +0200,Moaz Hashem,Desktop: Resolves #14621: Application crashes when deleting a notebook  (#14651),5,0,144,76,68,0,0,2,0,0,0,1,0,0,0,0,0,0,2,0,-1,0.0,-1,38,0.0,0,1.0,1.0,0,-2
426500437df8dd75e0cfcb0ea0c85b4d2780eefa,joplin,2026-03-16 13:48:07 -0700,Henry Heino,All: Sync: Fix notebook sharing can fail due to incorrect read-only share state (#14770),3,0,54,1,53,0,0,1,0,0,0,0,0,0,0,0,0,0,0,0,-1,0.0,-1,37,0.0,0,0.0,0.0,0,0
c9dace8b4debd97c86e9f918b9272dd6b8b240dd,joplin,2026-03-16 17:40:44 +0530,Avanish Gupta,Desktop: Make encryption-related strings translatable (#14752),1,0,7,7,0,0,0,0,0,0,0,0,0,0,0,0,0,0,0,0,-1,0.0,-1,37,0.0,0,0.0,0.0,0,0
f9654a34388bf2a330c60504a3019599ce0f8891,joplin,2026-03-16 11:22:27 +0000,mrjo118,"Mobile: Disable auto correct, auto complete and auto capitalize for search fields (#14759)",1,1,3,0,3,0,0,0,0,0,0,0,0,0,0,0,0,0,0,0,-1,0.0,-1,36,0.0,0,0.0,0.0,0,0
d20cc87756d554ec1d77fdb1e8533c00ce8f883b,joplin,2026-03-14 18:20:02 +0530,Surendra Manjhi,Chore: Regression: Skip base64 conversion for svg images (#14721),1,0,1,1,0,0,0,0,0,0,0,0,0,0,0,0,0,0,0,0,-1,0.0,-1,44,0.0,0,0.0,0.0,0,0
6d310f6b27cf6a13463721b8a0fa2f33636a21d1,joplin,2026-03-14 18:15:51 +0530,Justin Charles,Desktop: Fixes #14658: Always require password confirmation when changing master password after encryption (#14692),1,0,4,2,2,0,0,1,0,0,0,0,0,0,0,0,0,0,0,0,-1,0.0,-1,43,0.0,0,0.0,0.0,0,0
d2b273bfb0d8d7ff9f5627810e4bc325e5082a93,joplin,2026-03-14 17:44:10 +0500,Ehtesham Zahid,Desktop: Fixes #14687: Prevent TypeError in handleAppFailure when window is destroyed (#14689),1,0,5,1,4,0,0,1,0,0,0,0,0,0,0,0,0,0,0,0,-1,0.0,-1,41,0.0,0,0.0,0.0,0,0
1ff71a64e18e1ae3f858281537e10ce678f0ee3d,joplin,2026-03-14 18:08:00 +0530,Ash092016,All: Fixes #14419: Added validation for Joplin Server URL protocol (#14612),4,0,38,2,36,0,0,4,0,0,0,0,0,0,0,0,0,0,4,0,-1,0.0,-1,42,0.0,0,0.0,0.0,0,1
2d545158d08d27d4f0e6e1dca6eb1e3e1aed257d,joplin,2026-03-14 02:14:23 +0100,ChimzyFire,Desktop: Fixes #10795: Add WCAG 2.2 accessibility labels to Mermaid chart button (#14617),1,0,2,3,-1,0,0,0,0,0,0,0,0,0,0,0,0,0,0,0,-1,0.0,-1,42,0.0,0,0.0,0.0,0,0
ce8d9a1cdf52dda858d1e1159c27358cd15c967a,joplin,2026-03-13 00:28:16 +0530,Ashutosh Singh,Desktop: Resolves #14659: Reuse master password dialog when enabling E2EE (#14664),3,0,132,4,128,0,0,7,1,1,0,0,0,0,0,0,0,0,3,0,-1,0.0,-1,41,0.0,0,2.0,0.0,1,4
745a68f26b051f86bf4b254ea17c4a0ef35f9d5d,joplin,2026-03-13 00:21:53 +0530,Jalina Hirushan,Resolves #12208 Joplin Desktop UI overlap in top left corner on small screens (#14667),5,0,55,49,6,0,0,1,0,0,2,0,0,0,0,0,0,0,-1,0,-1,0.0,-1,40,0.0,-1,1.0,2.0,0,-3
667ff1797d11671bb2f7e11cbff2e447db8e93ee,joplin,2026-03-12 14:47:49 -0400,bwat47,Desktop: Fixes #13107: html to markdown conversion sometimes converting links to plaintext with <ins> tags (#14683),1,0,5,0,5,0,0,1,0,0,0,0,0,0,0,0,0,0,0,0,-1,0.0,-1,34,0.0,0,0.0,0.0,0,0
03c3d6ae4afd68b5d0dd97c117709c042f6ba785,joplin,2026-03-13 00:10:55 +0530,Dev Gupta,Desktop: Fixes #14660: Text inputs are disabled after re-encrypt notes dialog journey (#14691),1,1,3,2,1,0,0,0,0,0,0,0,0,0,0,0,0,0,1,0,-1,0.0,-1,39,0.0,0,0.0,0.0,0,0
9a3673a38f2a574a7061c5abeef95aa3537ae132,joplin,2026-03-13 00:06:02 +0530,Aayushi Rajesh,Doc: Fixes #14645: Fix for navigation order mentioned (#14715),1,0,6,6,0,0,0,0,0,0,0,0,0,0,0,0,0,0,0,0,-1,0.0,-1,38,0.0,0,0.0,0.0,0,0
cf51782f4f5966013724612465c0d3becaff6e7a,joplin,2026-03-12 18:35:17 +0000,Laurent Cozic,Desktop: Fixes #14637: cut/copy context menu options don't appear when right clicking joplin resource links in markdown ,3,0,125,95,30,0,0,10,0,0,0,0,0,0,0,0,0,0,0,0,-1,0.0,-1,35,0.0,0,0.0,0.0,0,2
8bde0bf0ec352693884c1f2b1f99e9acd808d493,joplin,2026-03-12 23:55:18 +0530,Ashutosh Singh,Desktop: Fixes #14079: Improve updater error message on rate limit (#14549),4,0,24,5,19,0,0,9,0,0,0,0,0,0,0,0,0,0,0,0,-1,0.0,-1,37,0.0,0,0.0,0.0,0,2
e8372c76aaaa52e89fd3b630b4c54999fa1be0b7,joplin,2026-03-12 23:46:52 +0530,Kanishka..,Desktop: Resolves #8611: Add toggle button to hide/show sync panel (#14593),2,0,43,12,31,0,0,-1,0,0,1,0,0,0,0,0,0,0,3,0,-1,0.0,-1,36,0.0,0,1.0,1.0,0,-2
e1dc36c0a5049f4ad0813269d51ed1fccc99ae7e,joplin,2026-03-12 23:43:06 +0530,Ash092016,Mobile: Resolves #14603: Password and confirm password fields when enabling encryption auto capitalise first character (,1,1,16,0,16,0,0,0,0,0,0,0,0,0,0,0,0,0,0,0,-1,0.0,-1,35,0.0,0,0.0,0.0,0,0
8d168dc330c3ff9f11dbdaceea9f330e9668da0d,joplin,2026-03-12 05:22:26 -0700,Henry Heino,Server: Fix delta API can return changes in wrong order (#14713),2,0,9,9,0,0,0,0,0,0,0,0,0,0,0,0,0,0,0,0,-1,0.0,-1,33,0.0,0,0.0,0.0,0,0
2e3daad78e99a6c32490b711b68521f90b40d393,joplin,2026-03-11 18:18:56 -0700,Henry Heino,Desktop: Fixes #14663: Fix crash when rapidly closing secondary windows (#14702),6,0,100,5,95,0,0,7,0,0,0,0,0,0,0,0,0,0,6,0,-1,0.0,-1,30,0.0,0,0.0,0.0,0,2
2132c2cdf4698bf3c4efa5827e149efb9da4ad90,joplin,2026-03-11 21:19:55 +0000,Laurent Cozic,"Revert ""Desktop: Fix context menu missing cut/copy when selecting resource links in markdown editor"" (#14710)",1,0,3,53,-50,0,0,-5,0,0,0,0,0,0,0,0,0,0,0,0,-1,0.0,-1,31,0.0,0,0.0,0.0,0,0
67aff20e39c72a0456096619629eec896b2328b5,joplin,2026-03-11 09:19:46 -0700,Sergio,Desktop: Fixes #14676: Toggling checkboxes in the note history viewer opens an open with prompt on Windows (#14679),1,0,4,1,3,0,0,1,0,0,0,0,0,0,0,0,0,0,0,0,-1,0.0,-1,29,0.0,0,0.0,0.0,0,0
3719e1eee036b0b2164707ec47ef36be95b7f1cc,joplin,2026-03-11 21:49:08 +0530,Gnana Pragadeesh K,Mobile: Fixes #14152: Fix font-size inconsistency of code block and inline code  (#14463),1,1,1,1,0,0,0,0,0,0,0,0,0,0,0,0,0,0,0,0,-1,0.0,-1,32,0.0,0,0.0,0.0,0,0
4abe83fdb68870117b61e8c3259bd54929c6f36d,joplin,2026-03-10 18:49:04 +0000,Laurent Cozic,Doc: Fix broken language selector on website,1,0,3,2,1,0,0,0,0,0,0,0,0,0,0,0,0,0,0,0,-1,0.0,-1,27,0.0,0,0.0,0.0,0,0
6ba912e5aadc9f72c2a8e80b8c16a878a15261c7,joplin,2026-03-10 15:32:29 +0000,Laurent Cozic,Chore: Fixed website localisation issue,1,0,1,1,0,0,0,0,0,0,0,0,0,0,0,0,0,0,0,0,-1,0.0,-1,17,0.0,0,0.0,0.0,0,0
85330837308ecde90ced97265b495d1241c5ad73,joplin,2026-03-10 18:08:00 +0530,Surendra Manjhi,Desktop: Fixes #14627: use resourceUrl() for base64 images in pasteAsMarkdown (#14632),2,0,21,3,18,0,0,1,0,0,0,0,0,0,0,0,0,0,1,0,-1,0.0,-1,26,0.0,0,0.0,0.0,0,0
754ff28b3659def235418a121558f6c9b7f4f2e8,joplin,2026-03-10 18:06:48 +0530,Yugal Kaushik,Desktop: Fixes #101111: ENEX import no longer breaks bullet items with a line break into separate paragraphs (#14642),1,0,12,2,10,0,0,1,0,0,0,0,0,0,0,0,0,0,0,0,-1,0.0,-1,25,0.0,0,0.0,0.0,0,0
b663c64def7e335353c8cb1b31016025deed6bd9,joplin,2026-03-10 13:35:55 +0100,Ahmed Idani,All: Fixes #14412: Skip share consistency check when not using Joplin Server/Cloud (#14649),2,0,35,0,35,0,0,1,0,0,0,0,0,0,0,0,0,0,0,0,-1,0.0,-1,16,0.0,0,0.0,0.0,0,0
b097cf9a6aee2de1a7061b2ba836a4361a73288c,joplin,2026-03-10 19:26:03 +0700,Veivel P,Desktop: Resolves #14143: Fixed scrolling behaviour in long lines for TinyMCE and CodeMirror (#14669),4,0,84,2,82,0,0,14,0,0,0,0,0,0,0,0,0,0,0,0,-1,0.0,-1,28,0.0,0,0.0,0.0,0,2
e22c367566d16bd3f435b2176fbecaa03dc5ac5a,joplin,2026-03-10 17:50:40 +0530,Vinayreddy765,Desktop: Fixes #14637: Fix context menu missing cut/copy when selecting resource links in markdown editor (#14638),1,0,53,3,50,0,0,5,0,0,0,0,0,0,0,0,0,0,0,0,-1,0.0,-1,24,0.0,0,0.0,0.0,0,1
71a2e981551209372084b6f96cc7d73d15b25de5,joplin,2026-03-10 17:45:34 +0530,Justin Charles,Desktop: Fixes #14661: hide new note/todo buttons when no notebook exists (#14674),6,0,60,4,56,0,0,2,0,0,0,0,0,0,0,0,0,0,0,0,-1,0.0,-1,23,0.0,0,0.0,0.0,0,0
714bbd6d232afda199a0faccf4efb20a04d451a7,joplin,2026-03-10 13:14:04 +0100,Davideb18,Desktop: Fixes #11823: Fixed cancel behavior labels when switching config screens (#14677),1,0,11,3,8,0,0,0,0,0,0,0,0,0,0,0,0,0,0,0,-1,0.0,-1,14,0.0,0,0.0,0.0,0,0
eda03333a61fb9b88cbb95c9a5e369df564727c1,joplin,2026-03-10 17:31:16 +0530,Akshaj Rawat,Desktop: Fixes #12394: Fix search bar remaining empty when navigating back (#14488),1,0,27,0,27,0,0,6,1,0,0,0,0,0,0,0,0,0,0,0,-1,0.0,-1,22,0.0,0,1.0,0.0,1,4
93f17a87faf1d322977aa02986ea7d8363a19949,joplin,2026-03-10 17:27:15 +0530,divyanshkhurana06,Desktop: Fixes #14142: Fix search highlights breaking mermaid diagram rendering (#14516),1,0,9,0,9,0,0,2,0,0,0,0,0,0,0,0,0,0,0,0,-1,0.0,-1,21,0.0,0,0.0,0.0,0,0
c765306e6f683a32ee74deba8045ea46a844e324,joplin,2026-03-10 17:08:28 +0530,Dipanshu Rawat,"Chore: ArrayUtils optimize unique and removeElement functions, improve type handling (#14552)",2,0,18,21,-3,0,0,1,0,0,0,0,0,0,0,0,0,0,0,0,-1,0.0,-1,20,0.0,0,0.0,0.0,0,0
f05fe5754d01774a2f522311b6e4f44399f8d2cf,joplin,2026-03-10 17:01:38 +0530,Justin Charles,Desktop: Fixes #14542: Fix Prevent unclosed frontmatter from breaking Markdown rendering (#14563),2,0,39,30,9,0,0,1,0,0,0,0,0,0,0,0,0,0,0,0,-1,0.0,-1,19,0.0,0,0.0,0.0,0,0
d046bfa14b28835bd89df4fc96f1aa5637e79f3b,joplin,2026-03-10 16:59:59 +0530,Keshav,Desktop: Resolves #10562: Preserve table customization made on RTE (#14572),6,0,122,2,120,0,0,25,0,0,0,0,0,0,0,0,0,0,0,0,-1,0.0,-1,18,0.0,0,0.0,0.0,0,2
2a681008dd4253e7ffa6787f90ba4b158d3dc54b,joplin,2026-03-10 13:27:46 +0200,Yousef Genedy,"Mobile, Desktop: Resolves #9481: Start sync when app opens or resumes (#14574)",3,0,52,4,48,0,0,3,0,0,0,0,0,0,0,0,0,0,0,0,-1,0.0,-1,15,0.0,0,0.0,0.0,0,1
7214823c745a5d06027a107f3535fa52e971dedc,joplin,2026-03-09 19:39:08 +0530,Ashutosh Singh,Chore: Resolves #12037: Remove JSDOM from Turndown package (#14653),3,0,5,4,1,0,0,0,0,0,0,0,0,0,0,0,0,0,0,0,-1,0.0,-1,13,0.0,0,0.0,0.0,0,0
2c8a9eee61a33364dddc9a808e11cc1344f472f1,joplin,2026-03-09 14:40:33 +0530,Aayushi Rajesh,Doc: Add Plugins link to website navigation (#14645),1,0,6,0,6,0,0,0,0,0,0,0,0,0,0,0,0,0,0,0,-1,0.0,-1,12,0.0,0,0.0,0.0,0,0
5fd0dc23da877166d29a8f7dabe8b2f42cf03ccd,joplin,2026-03-08 14:11:54 -0700,Henry Heino,Desktop: Fixes #14584: Fix changes to editor settings not applied until editor reloads (#14586),2,0,88,45,43,0,0,0,0,0,0,1,0,0,0,0,0,0,8,0,-1,0.0,-1,10,0.0,0,1.0,1.0,0,-2
9a477dbeb90a7341c3b3610a4c9d095487c23237,joplin,2026-03-08 17:31:31 +0530,Dipanshu Rawat,Chore: Fix typo for enum for Right value (#14575),1,0,1,1,0,0,0,0,0,0,0,0,0,0,0,0,0,0,0,0,-1,0.0,-1,11,0.0,0,0.0,0.0,0,0
b26370fc5a6747d085c48c6d8b9bb19808e08018,joplin,2026-03-08 07:57:51 -0400,bwat47,"Desktop, Mobile: Fixes #14630: underline disappearing from ++insert++ syntax when cursor is on that line (#14631)",3,0,25,0,25,0,0,0,0,0,0,0,0,0,0,0,0,0,0,0,-1,0.0,-1,9,0.0,0,0.0,0.0,0,0
f819e1c88b33d1004cd8efc5102333df628632bf,joplin,2026-03-07 11:15:48 -0500,bwat47,"Desktop, Mobile: Fixes #14564: Implement cursor-aware markup rendering and hide bulletpoints on task lists (#14573)",7,0,196,71,125,0,0,26,0,0,0,0,0,0,0,0,0,0,0,0,-1,0.0,-1,1,0.0,0,0.0,0.0,0,2
79c153c49816fd72dd29effa92be9efd12236dc2,joplin,2026-03-07 21:44:05 +0530,Ashutosh Singh,"Desktop, Mobile: Fixes #12793: Prevent a failing plugin from blocking other plugins (#14577)",6,0,142,2,140,0,0,10,0,0,0,0,0,0,0,0,0,1,1,0,-1,0.0,-1,7,0.0,0,0.0,0.0,0,2
1db99039268a768e1abcf939cd8e6f436ea1d9d5,joplin,2026-03-07 21:42:31 +0530,Harsh Gupta,Desktop: Fixes #12355: Auto-scroll to selected note from 'Go to Anything' search results (#14591),3,0,154,0,154,0,0,6,1,0,0,0,0,0,0,0,0,0,4,0,-1,0.0,-1,6,0.0,0,1.0,0.0,1,4
e736e05d1cb87de3b0cb66b20e2aa6bf63c725ab,joplin,2026-03-07 21:14:35 +0530,Surendra Manjhi,Desktop: Fixes #13140: Normalize img alt line breaks and convert data: URLs when pasting from Word (#14518),2,0,97,1,96,0,0,7,0,0,0,0,0,0,0,0,0,0,0,0,-1,0.0,-1,5,0.0,0,0.0,0.0,0,2
5ef10676d81547fba63f726611e29944cd2e2693,joplin,2026-03-07 21:12:55 +0530,Surendra Manjhi,Desktop: Fixes #14525: Show only relevant options in context menu when right-clicking a note link (#14528),5,0,33,5,28,0,0,4,0,0,0,0,0,0,0,0,0,0,3,0,-1,0.0,-1,4,0.0,0,0.0,0.0,0,1
b38613ca22f22bec0c3fa93cf9416aa3f032a802,joplin,2026-03-08 00:42:08 +0900,yentropysack,Mobile: Fixes #9938: Fix in-page links don't work if clicked in succession (#14538),2,0,87,1,86,0,0,6,0,0,0,0,0,0,0,0,0,0,1,0,-1,0.0,-1,8,0.0,0,0.0,0.0,0,2
ea486fbe132ba48ef73e5dcabd362b5a312a8b2d,joplin,2026-03-07 21:09:53 +0530,Justin Charles,All: Fixes #14543: Fix ++insert++ syntax rendering fix in markdown (#14547),10,1,80,15,65,0,0,6,0,0,0,0,0,0,0,0,0,0,0,0,-1,0.0,-1,3,0.0,1,0.0,0.0,0,2
d2784aff54ca09e011a77f23884cb89f8d4f0c7b,joplin,2026-03-07 15:33:27 +0000,Laurent Cozic,Plugins: Add support for `joplin.fs.archiveExtract` plugin method (#14625),2,0,49,0,49,0,0,1,0,0,0,0,0,0,0,0,0,0,2,0,-1,0.0,-1,2,0.0,0,0.0,0.0,0,0
b290046e66f8bc2d84ff06aa739ac018a63cc069,joplin,2026-03-05 18:50:23 +0530,Sriram Varun Kumar,Mobile: Fixes #14555: Fix tapping rendered image scrolling to cursor position (#14580),1,0,15,1,14,0,0,1,0,0,0,0,0,0,0,0,0,0,0,0,-1,0.0,-1,0,0.0,0,0.0,0.0,0,0
d9e8a33aa4b48d920ecb9d3fde15cf0e8b72fd5c,excalidraw,2026-04-01 18:41:11 +0200,David Luzar,feat(editor): implement overlap box selection (#11053),19,4,992,94,898,1,0,19,0,0,0,0,0,0,0,0,1,0,5,0,-1,0.0,-1,0,0.0,1,0.0,0.0,1,5
4a5c9e990ca2dca3106b7bbe674b21cf58acec7d,excalidraw,2026-03-25 17:56:48 +0100,David Luzar,fix(editor): ensure font picker font names are not quoted (#11036),1,1,11,1,10,0,0,0,0,0,0,0,0,0,0,0,0,0,1,0,-1,0.0,-1,8,0.0,0,0.0,0.0,0,0
c09e170bdd50f9e08a82deba2c037043b8fce9e0,excalidraw,2026-03-25 17:14:24 +0100,David Luzar,feat(editor): deselect on esc (#11035),8,1,373,14,359,1,0,8,0,0,0,0,0,0,0,0,0,0,6,0,-1,0.0,-1,7,0.0,0,0.0,0.0,1,5
1c292e4936795b8e2ac0b46bbccedf612e060a2b,excalidraw,2026-03-24 23:31:08 +0530,Kundan,fix(math): correctly validate second point in isLineSegment (#11007),2,0,26,2,24,0,0,3,0,0,0,0,0,0,0,0,0,0,0,0,-1,0.0,-1,6,0.0,0,0.0,0.0,0,1
d6f0f34fe91a7fab25106f2b31b074c132815d36,excalidraw,2026-03-23 15:54:59 +0100,Márk Tolmács,fix: Rotated rounded arrow center point (#10962),7,0,41,26,15,0,0,0,0,0,0,0,0,0,0,0,0,0,0,0,-1,0.0,-1,5,0.0,0,0.0,0.0,0,0
75789f620d9f61d392027a4d4b317adcedf72056,excalidraw,2026-03-23 15:54:44 +0100,Márk Tolmács,fix: Other endpoint is not immediately updated on midpoint snap (#10933),1,0,2,2,0,0,0,0,0,0,0,0,0,0,0,0,0,0,0,0,-1,0.0,-1,4,0.0,0,0.0,0.0,0,0
a9ca16eb42c2fd7f06065be7b5238b40e08bf8d3,excalidraw,2026-03-21 22:44:27 +0100,David Luzar,chore(packages/excalidraw): export Fonts helper class (#11008),1,0,2,0,2,0,0,0,0,0,0,0,0,0,0,0,0,0,0,0,-1,0.0,-1,3,0.0,0,0.0,0.0,0,0
987173b52f8a889984c3ff98450f24b9e65c70fa,excalidraw,2026-03-21 19:26:47 +0100,Márk Tolmács,fix: Arrow point index Out-of-Bounds (#10922),3,1,30,26,4,0,0,1,0,0,0,0,0,0,0,0,0,2,0,0,-1,0.0,-1,2,0.0,0,0.0,0.0,0,1
81ab857a6fc66254239947524faccf45d5925f69,excalidraw,2026-03-19 16:00:58 +0100,David Luzar,feat(editor): various text related improvements (#10979),12,3,484,70,414,1,0,15,0,0,0,0,0,0,0,0,0,0,5,0,-1,0.0,-1,3,0.0,5,0.0,0.0,1,5
e8b4620a96b722646e6db9e98efd0ca2a0184767,excalidraw,2026-03-18 19:14:44 +0100,David Luzar,feat(editor): put caret at pointer coords when clicking on selected text element (#10970),7,2,680,64,616,1,0,33,0,0,0,0,0,0,0,0,0,0,4,0,-1,0.0,-1,3,0.0,0,0.0,0.0,1,5
2b0e4c9623e44b3f2f7d02d532f23128e988cb5d,excalidraw,2026-03-14 13:12:48 +0100,David Luzar,fix(editor): remove leftover debug code path (#10954),1,0,0,4,-4,0,0,-1,0,0,0,0,0,0,0,0,0,0,0,0,-1,0.0,-1,5,0.0,0,0.0,0.0,0,0
b4ce7c713b8874ab328a4711af3a83d131bebcaf,excalidraw,2026-03-12 16:08:46 +0100,David Luzar,fix(editor): arrowhead picker overflowing viewport (#10943),1,1,24,29,-5,0,0,0,0,0,0,0,0,0,0,0,0,0,0,0,-1,0.0,-1,10,0.0,0,0.0,0.0,0,0
816c81c12e41537373193140c1858fc10a871dae,excalidraw,2026-03-11 22:00:31 +0100,David Luzar,feat(editor): ERD arrowheads and diagrams (#10940),14,5,779,330,449,1,0,20,0,0,0,3,0,0,13,0,1,0,2,0,-1,0.0,-1,9,0.0,7,0.375,16.0,0,1
92d25446d62296338d2bba053b90330e4a1fb8be,excalidraw,2026-03-11 16:51:03 +0100,David Luzar,feat(packages/excalidraw): tweak and expose more API around state and lifecycle (#10939),6,1,345,114,231,1,0,8,1,1,0,0,0,0,0,0,1,1,7,2,-1,0.0,-1,8,0.0,2,0.6667,0.0,1,9
e73a5b0116019a057a1dfa4b534e3e87784c6554,excalidraw,2026-03-11 09:49:12 +0100,David Luzar,docs(packages/excalidraw): improve readme (#10932),1,0,1,1,0,0,0,0,0,0,0,0,0,0,0,0,0,0,0,0,-1,0.0,-1,8,0.0,0,0.0,0.0,0,0
21dd1cfacc6beb5d259fdda5c50582a1d9b29894,excalidraw,2026-03-08 23:15:18 +0100,David Luzar,"feat(packages/excalidraw): state tracking, api hook, and others (#10870)",37,11,1723,552,1171,1,0,63,2,0,3,0,2,0,0,0,11,5,12,0,-1,0.0,-1,9,0.0,3,1.75,1.5,1,8
fa1f7d9f2258375214b02a442b130185a5a1540c,excalidraw,2026-03-07 12:05:33 +0100,David Luzar,feat(packages/excalidraw): export throttleRAF (#10912),6,0,123,5,118,0,0,-1,0,0,0,0,0,0,0,0,0,0,4,0,-1,0.0,-1,8,0.0,0,0.0,0.0,0,0
3d8c12fba475bad8ebee4c238466c59f08a5458c,excalidraw,2026-03-06 20:44:57 +0100,David Luzar,fix(editor): do not conditionally disable midpoint snapping menu preference (#10906),1,1,0,1,-1,0,0,0,0,0,0,0,0,0,0,0,0,0,0,0,-1,0.0,-1,7,0.0,0,0.0,0.0,0,0
757dfeb6ad64c2c58db8ce356a54e3f440e433c4,excalidraw,2026-03-06 20:40:36 +0100,David Luzar,fix(editor): call throttleRAF with lastArgs and remove trailing (#10905),4,1,11,21,-10,0,0,-1,0,0,0,0,0,0,0,0,0,0,0,0,-1,0.0,-1,6,0.0,0,0.0,0.0,0,0
a0e93b60402f543ffb5c845dafd29d95d2f0ffc6,excalidraw,2026-03-06 18:37:28 +0100,David Luzar,feat(editor): sync export theme with ui theme (#10903),5,2,104,23,81,0,0,4,0,0,0,0,0,0,0,0,0,0,1,0,-1,0.0,-1,5,0.0,0,0.0,0.0,0,1
499e9d64a58b5641eb1d41678d922ea3010800ce,excalidraw,2026-03-06 09:41:49 +0100,Hendrik Horstmann,fix: dropdownMenu item badge position (#10895),1,1,1,1,0,0,0,0,0,0,0,0,0,0,0,0,0,0,0,0,-1,0.0,-1,4,0.0,0,0.0,0.0,0,0
c1dbbdf678c71b93f491ce344cc7ba773f654585,excalidraw,2026-03-05 18:52:41 +0100,David Luzar,feat(editor): mermaid code editor & improve parsing (#10897),13,11,1304,29,1275,1,0,96,6,1,0,0,0,0,0,0,2,0,22,1,-1,0.0,-1,3,0.0,9,0.7,0.0,1,12
47c254216b45b42e48a20de693ffc3ab15cff86f,excalidraw,2026-03-04 16:48:33 +0100,David Luzar,fix(editor): disable snap-to-midpoint menu item when arrow-binding disabled (#10885),1,1,1,0,1,0,0,0,0,0,0,0,0,0,0,0,0,0,0,0,-1,0.0,-1,4,0.0,0,0.0,0.0,0,0
d1cff91b75d48450430ec1260c498791c066b31f,excalidraw,2026-03-03 23:11:30 +0100,Hendrik Horstmann,fix: spacing in the left menu (#10880),1,1,1,1,0,0,0,0,0,0,0,0,0,0,0,0,0,0,0,0,-1,0.0,-1,3,0.0,0,0.0,0.0,0,0
437595fa652b77df700c7f4e6d4fcd8d9ff42000,excalidraw,2026-03-03 22:55:40 +0100,Márk Tolmács,feat: Arrow binding is a preference (#10839),19,3,869,141,728,1,0,10,0,0,0,0,0,0,0,0,2,0,14,0,-1,0.0,-1,2,0.0,2,0.0,0.0,1,5
60b275880da7d1eb7dff3782e8d491188790597a,excalidraw,2026-02-26 16:13:15 +0100,David Luzar,feat(editor): support radar chart and multiple series for other chart types (#10824),22,3,3012,668,2344,1,0,45,0,1,1,0,0,0,0,0,2,0,35,0,-1,0.0,-1,6,0.0,22,0.087,1.0,1,3
cae9d2bcbd3e6c70c579a52574d91ea8898a80bb,excalidraw,2026-02-26 12:55:13 +0100,zsviczian,"fix: ""hand"" tool active after exiting view mode if laser point was used (#10841)",1,1,1,1,0,0,0,0,0,0,0,0,0,0,0,0,0,0,0,0,-1,0.0,-1,5,0.0,0,0.0,0.0,0,0
2874f9e48c3bf9e7c4a46015b4bb65b177f18b13,excalidraw,2026-02-24 21:11:46 +0100,David Luzar,fix(editor): simplify and fix midpoint highlighting (#10832),3,1,60,49,11,0,0,4,0,0,0,0,0,0,0,0,0,0,0,0,-1,0.0,-1,5,0.0,0,0.0,0.0,0,1
0b3a5e7cc4d6ba5bcc5105f694a59f721ee06fc5,excalidraw,2026-02-24 13:32:44 +0100,Márk Tolmács,fix: Multi-point arrow bound point update (#10831),1,0,5,2,3,0,0,0,0,0,0,0,0,0,0,0,0,0,0,0,-1,0.0,-1,5,0.0,0,0.0,0.0,0,0
7ea3229e17696d2d64f9d0c4a0596b15d8cc81b9,excalidraw,2026-02-23 20:22:27 +0100,Márk Tolmács,fix(editor): Hardened fixed point and bound element parsing in restore (#10816),2,0,51,19,32,0,0,1,0,0,0,0,0,0,0,0,0,0,0,1,-1,0.0,-1,7,0.0,1,0.0,0.0,0,2
b0404b10b6d775d4a0bc48072947f95e5753e117,excalidraw,2026-02-23 20:20:37 +0100,David Luzar,chore(debug): add debug.logChanged() and make easy to import (#10828),2,0,67,8,59,0,0,10,0,0,0,0,0,0,0,0,0,0,0,0,-1,0.0,-1,6,0.0,0,0.0,0.0,0,2
eb959128ac1543e7f6ea1c4f1935b9899a3e1b9b,excalidraw,2026-02-20 22:49:46 +0100,David Luzar,feat(editor): allow laser-pointing in view mode (#10802),12,6,279,139,140,1,0,4,0,0,0,0,0,0,0,0,0,0,-1,0,-1,0.0,-1,5,0.0,0,0.0,0.0,1,6
4c3d037f9cddcec92472cb2f61c0840097649cc1,excalidraw,2026-02-19 11:45:01 +0100,David Luzar,feat(editor): allow clicking on links and embeds with laser tool (#10797),2,1,240,91,149,1,0,5,0,0,0,0,0,0,0,0,0,0,9,0,-1,0.0,-1,6,0.0,0,0.0,0.0,1,4
5852d0d41005e67ca00124079b9eee91e4ab716d,excalidraw,2026-02-17 14:10:05 +0100,Márk Tolmács,fix: Arrow overlap arrow behavior (#10732),6,1,191,164,27,0,0,6,0,0,0,0,0,0,0,0,0,0,1,0,-1,0.0,-1,6,0.0,1,0.0,0.0,0,2
c1e00c44f57841b18ea14bde30b8d1f5aff95c7e,excalidraw,2026-02-16 22:57:09 -0800,Christopher Tangonan,fix: convert ArrowheadNoneIcon to component matching arrowhead icon pattern (#10789),2,1,16,8,8,0,0,0,0,0,0,0,0,0,1,0,0,0,0,0,-1,0.0,-1,5,0.0,0,0.0,1.0,0,-3
ffcb67b21f3693821b0202bf54707bcee21a8ba7,excalidraw,2026-02-16 22:25:28 +0100,Márk Tolmács,fix: Inside-inside bound arrow endpoint drag trigger focus point editor (#10771),2,0,24,7,17,0,0,0,0,0,0,0,0,0,0,0,0,0,0,0,-1,0.0,-1,4,0.0,0,0.0,0.0,0,0
46ddd60948b82f804c36b7c6325b6144187185cf,excalidraw,2026-02-16 22:19:11 +0100,David Luzar,feat(editor): support embedding google drive videos (#10788),2,0,160,3,157,0,0,24,0,0,0,0,0,0,0,0,0,0,0,0,-1,0.0,-1,3,0.0,0,0.0,0.0,0,2
89a9badc27d30947882be7f2d6230d95141dd18b,excalidraw,2026-02-13 13:33:52 -0800,Christopher Tangonan,fix: update arrowhead property defaultValue handling (#10778),1,0,4,2,2,0,0,0,0,0,0,0,0,0,0,0,0,0,0,0,-1,0.0,-1,6,0.0,0,0.0,0.0,0,0
8b3e149db6a46039a8231a0f82bac5a5cfda8ef3,excalidraw,2026-02-12 22:03:13 +0100,zsviczian,fix: hex8 regression #10578 (#10773),2,0,3,4,-1,0,0,0,0,0,0,0,0,0,0,0,0,0,0,0,-1,0.0,-1,5,0.0,0,0.0,0.0,0,0
a70417f23f5985e3ed2a678c3cd25bffb23b1cff,excalidraw,2026-02-11 11:06:27 +0100,Márk Tolmács,feat(editor): visualize binding midpoints + support for simple arrows (#10611),13,2,576,145,431,1,0,9,0,0,0,0,0,0,0,0,0,0,2,0,-1,0.0,-1,5,0.0,0,0.0,0.0,1,5
1c8e8bb0f3909a3d98d9e5cff0efe032ef1ccd67,excalidraw,2026-02-09 13:03:05 +0100,Márk Tolmács,fix: Arrow update when cloned (#10747),3,1,14,3,11,0,0,1,0,0,0,0,0,0,0,0,0,0,0,0,-1,0.0,-1,5,0.0,0,0.0,0.0,0,0
3a5ef4020d7515f34c96d179b631911bb8ef8a9f,excalidraw,2026-02-08 23:30:45 +0100,David Luzar,feat(app): add preferences to main menu (#10760),7,6,208,15,193,1,0,0,0,0,0,0,0,0,0,0,6,0,7,0,-1,0.0,-1,4,0.0,8,0.0,0.0,1,7
063533aede8365bf18b8f08ec949a1e93697c17d,excalidraw,2026-02-08 22:27:34 +0100,David Luzar,feat(packages/excalidraw): support nested dropdown menu (#10749),38,36,409,206,203,1,0,3,1,2,2,0,0,0,0,0,4,0,30,4,-1,0.0,-1,3,0.0,8,0.5556,0.6667,1,8
b43260d97be0cd36faaa630595c299963de2cb6c,excalidraw,2026-02-06 15:01:07 +0100,Márk Tolmács,fix: Other binding converted from fixed to orbit unconditionally (#10748),2,1,10,5,5,0,0,0,0,0,0,0,0,0,0,0,0,0,0,0,-1,0.0,-1,11,0.0,0,0.0,0.0,0,0
83d3943cd0973aa2fe6dc843a730bcb50e8a26ec,excalidraw,2026-02-05 12:00:56 +0100,David Luzar,feat(editor): reduce binding gap (#10739),6,0,12,12,0,0,0,0,0,0,0,0,0,0,0,0,0,0,0,0,-1,0.0,-1,10,0.0,0,0.0,0.0,0,0
f39ac4a653335efaaaf9834bf28e9ffc1452cb59,excalidraw,2026-02-02 20:12:56 +0100,Márk Tolmács,fix(editor): On focus drag only update other binding if it's orbit (#10730),1,0,1,1,0,0,0,0,0,0,0,0,0,0,0,0,0,0,0,0,-1,0.0,-1,13,0.0,0,0.0,0.0,0,0
54a98268177c19cee7a49d05ce56e64f7a424db1,excalidraw,2026-02-01 11:06:37 +0100,David Luzar,fix(editor): copying to clipboard with no ClipboardEvent (#10729),1,0,3,5,-2,0,0,0,0,0,0,0,0,0,0,0,0,0,0,0,-1,0.0,-1,13,0.0,0,0.0,0.0,0,0
d29fd62e417b8cb73d1d5dc3e207735046401491,excalidraw,2026-02-01 10:45:04 +0100,David Luzar,fix(editor): crop editor cursor drift (#10727),1,1,14,7,7,0,0,0,0,0,0,0,0,0,0,0,0,0,0,0,-1,0.0,-1,12,0.0,0,0.0,0.0,0,0
b57f3e009694acaa73e83ab9bab9a1470dd52ab3,excalidraw,2026-02-01 09:21:30 +0100,David Luzar,fix(editor): image positioning in crop editor (#10726),1,1,8,4,4,0,0,0,0,0,0,0,0,0,0,0,0,0,0,0,-1,0.0,-1,11,0.0,0,0.0,0.0,0,0
f7b537a8b19369ce1f3f19c536afd00c996d3f8e,excalidraw,2026-01-31 20:24:20 +0100,David Luzar,feat(packages/excalidraw): export CommandPalette (#10724),1,0,2,0,2,0,0,0,0,0,0,0,0,0,0,0,0,0,0,0,-1,0.0,-1,9,0.0,0,0.0,0.0,0,0
94364af68fbc88ced8d807e8e9534d23d474479e,excalidraw,2026-01-31 21:45:14 +0530,Yash,fix: Clarify welcome screen message about browser storage limitations (#10721),1,1,9,1,8,0,0,0,0,0,0,0,0,0,0,0,0,0,0,0,-1,0.0,-1,10,0.0,0,0.0,0.0,0,0
dfa1ce572bef6976ae82b3c5cfaa581580a447f1,excalidraw,2026-01-31 16:28:21 +0100,zsviczian,fix: SVG Inversion on Safari (#10712),1,0,74,20,54,0,0,3,0,0,0,0,0,0,0,0,0,0,0,0,-1,0.0,-1,8,0.0,0,0.0,0.0,0,1
b552c6071417d731874c43e38d41dc6f76409fc9,excalidraw,2026-01-31 15:08:28 +0100,Márk Tolmács,feat: Focus indicator (#10613),14,2,1092,78,1014,1,0,80,0,0,0,0,0,0,0,0,0,0,15,0,-1,0.0,-1,7,0.0,1,0.0,0.0,1,5
216afc36252b793d88777cf85b8f51028a00e8b3,excalidraw,2026-01-30 22:20:46 +0100,Márk Tolmács,fix: Coherent stats binding (#10718),1,0,84,8,76,0,0,5,0,0,0,0,0,0,0,0,0,0,0,0,-1,0.0,-1,8,0.0,0,0.0,0.0,0,1
802cde35019354ab3c4749ef1ae7ea71b404e31b,excalidraw,2026-01-30 16:28:36 +0100,David Luzar,feat: support customizing TTD welcome screen (#10719),6,6,42,17,25,0,0,1,0,0,0,0,0,0,0,0,0,0,3,0,-1,0.0,-1,7,0.0,1,0.0,0.0,0,2
f5cf81ce42276ef8148b7cd951274025648476b8,excalidraw,2026-01-28 22:35:39 +0100,David Luzar,feat: prevent pasting excalidraw into textarea & paste element text if avail (#10710),3,0,133,30,103,0,0,12,0,0,0,0,0,0,0,0,0,2,1,0,-1,0.0,-1,6,0.0,0,0.0,0.0,1,3
6a891365b968ffa2b54b1d03be06674cb2757ea1,excalidraw,2026-01-26 20:55:08 +0100,Márk Tolmács,fix: Arrow endpoint offset (#10706),2,0,7,4,3,0,0,0,0,0,0,0,0,0,0,0,0,0,0,0,-1,0.0,-1,12,0.0,0,0.0,0.0,0,0
54fa0c908969236908aab47b908fb648ddc01cb8,excalidraw,2026-01-26 20:52:13 +0100,Márk Tolmács,fix: Increase iteration on curve intersection calc (#10707),1,0,1,19,-18,0,0,-3,0,0,0,0,0,0,0,0,0,0,-1,0,-1,0.0,-1,11,0.0,0,0.0,0.0,0,0
dfdd994dbbefc0562c0c5e42f267f23ae8d9d62d,excalidraw,2026-01-26 20:50:44 +0100,Márk Tolmács,perf: Cache hits in collision detection (#10648),3,0,217,4,213,1,0,3,0,0,0,0,0,0,0,0,0,0,3,0,-1,0.0,-1,10,0.0,0,0.0,0.0,1,4
28691e14b1199d9e2890fa6410f26c61e62c021e,excalidraw,2026-01-26 09:52:13 -0800,Christopher Tangonan,fix: Bound arrow elements for distribute and wyswig updates (#10702),3,0,24,9,15,0,0,0,0,0,0,0,0,0,0,0,0,0,1,0,-1,0.0,-1,9,0.0,0,0.0,0.0,0,0
60759d314d3d4545b22d8c6f35f5afa24efa14e4,excalidraw,2026-01-24 13:00:14 +0100,zsviczian,fix: Regression - invert SVGs in Dark Mode (#10695),3,0,27,1,26,0,0,2,0,0,0,0,0,0,0,0,0,0,0,0,-1,0.0,-1,10,0.0,1,0.0,0.0,0,0
d5e37cda812094bb103d53f9b122faa941f5b5bf,excalidraw,2026-01-24 12:16:48 +0100,zsviczian,fix: set link icon opacity based on element opacity (#10693),1,0,1,0,1,0,0,0,0,0,0,0,0,0,0,0,0,0,0,0,-1,0.0,-1,9,0.0,0,0.0,0.0,0,0
6135548534fcfacc0ffa7bd1d1f7d32ce05f137d,excalidraw,2026-01-21 14:07:48 +0100,David Luzar,fix: rerender TTD preview on message remove (#10681),1,1,5,10,-5,0,0,1,0,0,0,0,0,0,0,0,0,0,0,0,-1,0.0,-1,12,0.0,0,0.0,0.0,0,0
acf54c6f3846bea889e9acc5b6144bec4ee3016c,excalidraw,2026-01-21 14:07:36 +0100,David Luzar,fix: dropdownMenu item badge position (#10682),5,5,20,8,12,0,0,0,0,0,0,0,0,0,0,0,0,0,0,0,-1,0.0,-1,11,0.0,0,0.0,0.0,0,2
84a309d669f69ca7c9a43e997fc694d192459f31,excalidraw,2026-01-21 14:07:23 +0100,David Luzar,fix: ttd 429 error handling (#10680),2,2,54,78,-24,0,0,0,0,0,0,0,0,0,0,0,0,0,0,0,-1,0.0,-1,10,0.0,0,0.0,0.0,0,0
3c8e893cab216eb1f748ec1245aeb059a1349639,excalidraw,2026-01-20 20:14:28 +0100,David Luzar,fix: keep input focus during generation (#10679),1,1,15,4,11,0,0,1,0,0,0,0,0,0,0,0,0,0,0,0,-1,0.0,-1,9,0.0,0,0.0,0.0,0,0
9ba0f5dbc9d551aad9277341a82449e04043c5ae,excalidraw,2026-01-20 12:38:40 +0100,Márk Tolmács,fix: Arrow drag start in bindable area  jumps across bindable (#10676),3,0,17,26,-9,0,0,0,0,0,0,0,0,0,0,0,0,0,0,0,-1,0.0,-1,8,0.0,0,0.0,0.0,0,0
60ab14c2f633112613843eec3c049f6da0f566e8,excalidraw,2026-01-20 12:33:22 +0100,David Luzar,fix: fail gracefully during restore (#10673),2,0,182,91,91,0,0,5,0,0,0,0,0,0,0,0,0,3,0,0,-1,0.0,-1,7,0.0,0,0.0,0.0,0,2
0988ecfef40db7c965fd79c43454d154cf83aced,excalidraw,2026-01-20 12:11:58 +0100,Márk Tolmács,fix: Angle-locked line history (#10677),1,1,1,1,0,0,0,0,0,0,0,0,0,0,0,0,0,0,0,0,-1,0.0,-1,6,0.0,0,0.0,0.0,0,0
9d760336d195b13d4a237a1408743a38f7c0ca9a,excalidraw,2026-01-18 21:55:14 +0100,David Luzar,feat: reduce max tablet MQ size (#10669),4,1,11,10,1,0,0,2,0,0,0,0,0,0,0,0,0,0,0,0,-1,0.0,-1,7,0.0,0,0.0,0.0,0,0
0443511954a8a557866a98a939e2a506acb4858b,excalidraw,2026-01-17 18:17:04 +0100,David Luzar,fix: tweak error display in ttd (#10668),2,2,8,3,5,0,0,0,0,0,0,0,0,0,0,0,0,0,0,0,-1,0.0,-1,6,0.0,0,0.0,0.0,0,0
5a73b9a3634da128ab69778c59af638d1e779fee,excalidraw,2026-01-16 15:10:00 +0100,David Luzar,refactor: change TTD persistence to iDB (#10662),9,6,262,109,153,1,0,8,1,0,12,0,0,0,0,0,0,5,4,0,-1,0.0,-1,6,0.0,-1,6.5,12.0,1,5
24a69418615196827688d7c495450740ba5c7a40,excalidraw,2026-01-16 09:52:18 +0100,David Luzar,fix: retries and related UX fixes (#10657),9,8,60,43,17,0,0,-1,0,0,0,0,0,0,0,0,0,0,0,0,-1,0.0,-1,5,0.0,0,0.0,0.0,0,2
a0b98a944f1ddedba090b8a6908ff38b9132177e,excalidraw,2026-01-15 19:15:41 +0100,Tamas L,feat: TextToDiagram v2 (#10530),32,30,3899,505,3394,1,0,114,9,2,2,2,0,0,0,0,10,4,92,0,-1,0.0,-1,4,0.0,12,1.1538,0.3636,1,9
6ebf52279dbf5173c3c4bca0af52c4e222acd6b4,excalidraw,2026-01-15 15:27:00 +0100,Márk Tolmács,fix: Elbow end point disconnect (#10646),1,0,4,1,3,0,0,0,0,0,0,0,0,0,0,0,0,0,0,0,-1,0.0,-1,3,0.0,0,0.0,0.0,0,0
3b97f5a10cc576cbe7863a2e4772203ebb13b606,excalidraw,2026-01-12 15:24:50 +0100,Márk Tolmács,feat: move visualdebug to utils and introduce volume bindable visualization (#10617),3,1,141,6,135,0,0,11,0,0,0,0,0,0,0,0,0,1,2,0,-1,0.0,-1,3,0.0,0,0.0,0.0,0,2
da592058467be7da090e5ea763852198040807cd,excalidraw,2026-01-12 15:02:56 +0100,Márk Tolmács,fix: Curve endpoint intersection (#10640),2,0,24,6,18,0,0,3,0,0,0,0,0,0,0,0,0,0,1,0,-1,0.0,-1,2,0.0,0,0.0,0.0,0,1
b9a255407fc5e68893016de56057614da26df50c,excalidraw,2026-01-10 18:15:14 +0100,David Luzar,refactor: update SCSS syntax & remove open-color dep (#10633),18,10,197,196,1,0,0,9,0,0,0,0,0,0,0,0,0,0,-15,0,-1,0.0,-1,4,0.0,-2,0.0,0.0,1,4
cc6c29c0b9298653301a0d18b9c6511730e0b480,excalidraw,2026-01-07 12:55:33 +0100,David Luzar,fix: update wysiwyg color on theme change (#10618),2,0,72,0,72,0,0,2,0,0,0,0,0,0,0,0,0,0,0,0,-1,0.0,-1,4,0.0,0,0.0,0.0,0,0
c158187f20e9eb60c7b0dd5256f0030594883867,excalidraw,2026-01-04 17:51:53 +0100,David Luzar,fix: grid color in dark mode (#10600),1,0,22,5,17,0,0,0,0,0,0,0,0,0,0,0,0,0,0,0,-1,0.0,-1,4,0.0,0,0.0,0.0,0,0
63e1148280163a36326b7efb5fdfeefebabdb3e4,excalidraw,2026-01-04 15:16:35 +0100,David Luzar,feat: stop using CSS filters for dark mode (static canvas) (#10578),24,6,949,370,579,1,0,22,0,0,0,0,0,0,0,0,1,0,3,0,-1,0.0,-1,3,0.0,-2,0.0,0.0,1,7
6c908553a9cbd2e50bfabc49bc6045c5ba97d702,excalidraw,2026-01-04 15:13:38 +0100,David Luzar,fix: reconciliation of server updates & refactor restore (#10597),12,1,342,259,83,1,0,5,0,0,0,0,0,0,0,0,0,0,0,0,-1,0.0,-1,2,0.0,0,0.0,0.0,1,4
0586fc138cc3e1ed893d5204af78a13a352fffc6,excalidraw,2026-01-02 05:08:27 -0500,kish dizon,feat: add qr code to live session share dialog. (#10588),3,0,63,0,63,0,0,7,1,0,0,0,0,0,0,0,0,0,4,0,-1,0.0,-1,1,0.0,1,0.5,0.0,1,4
e95222ed323d45adf2183bae835c9fb6708e7029,excalidraw,2025-12-29 07:53:25 +1100,Ryan Di,fix: add constants and side methods to packages (#10418),11,1,484,30,454,1,0,52,0,0,0,0,0,0,0,0,0,0,-3,1,-1,0.0,-1,0,0.0,2,0.0,0.0,1,7
d87620b23907cef9a119c758124569b5f44991a4,excalidraw,2025-12-21 22:14:21 +0100,Márk Tolmács,fix: Circular reference (#10544),22,1,44,45,-1,0,0,0,0,0,0,0,0,0,0,0,0,0,-5,0,-1,0.0,-1,4,0.0,0,0.0,0.0,0,0
7cc31ac64a9ec3f9ce5bc3a09cd3716c2eb07370,excalidraw,2025-12-20 06:31:02 +0100,Viczián András,fix: Context menu paste adding image twice #10542 (#10543),1,0,0,1,-1,0,0,0,0,0,0,0,0,0,0,0,0,0,0,0,-1,0.0,-1,3,0.0,0,0.0,0.0,0,0
071b17a2179fa19891f8c20d870d50e8fb65a6b5,excalidraw,2025-12-19 18:23:09 +0100,zsviczian,fix: Embeddables lost stroke color option in element properties after #9996 (#10541),1,0,2,1,1,0,0,0,0,0,0,0,0,0,0,0,0,0,0,0,-1,0.0,-1,2,0.0,0,0.0,0.0,0,0
859207b8bca11149047efdb8b5b5b3cb6cb87e99,excalidraw,2025-12-17 16:22:24 +0100,Márk Tolmács,fix: Broken bindings during collab (#10537),2,0,37,17,20,0,0,2,0,0,0,0,0,0,0,0,0,1,0,0,-1,0.0,-1,1,0.0,0,0.0,0.0,0,0
f06484c6ab72ce7c399f0cf73cda46b3fc7b82ab,excalidraw,2025-12-15 10:49:46 +0100,Márk Tolmács,fix: Angle snapping around bindable objects incorrectly resolves (#10501),4,1,60,11,49,0,0,0,0,0,0,0,0,0,0,0,0,0,0,0,-1,0.0,-1,1,0.0,0,0.0,0.0,0,0
bf4c65f4835f5ce13d0c807797b849ad5d6b0121,excalidraw,2025-12-09 19:36:28 +0100,Márk Tolmács,fix: Turn into inside bind when angle locked (#10479),4,1,36,31,5,0,0,0,0,0,0,0,0,0,0,0,0,0,0,0,-1,0.0,-1,1,0.0,0,0.0,0.0,0,0
8d18078f5c719166c30eb373312c130664a56ffe,excalidraw,2025-12-03 12:47:30 +0100,Márk Tolmács,fix: Box selection of arrows (#10451),5,1,27,11,16,0,0,0,0,0,0,0,0,0,0,0,0,0,0,0,-1,0.0,-1,4,0.0,0,0.0,0.0,0,0
d080833f4d359e808cd12acdc7dd1c9187c956e5,excalidraw,2025-12-01 22:37:42 +0100,David Luzar,chore: bump typescript@5.9.3 (#10431),9,0,24,24,0,0,0,0,0,0,0,0,0,0,0,0,0,0,0,0,-1,0.0,-1,6,0.0,0,0.0,0.0,0,0
451bcac0b7b99f4fafca82adaad37f0b4aeb310e,excalidraw,2025-12-01 18:06:08 +0100,Márk Tolmács,fix: Ctrl/Alt elbow arrow jumps (#10432),1,1,29,20,9,0,0,1,0,0,0,0,0,0,0,0,0,0,0,0,-1,0.0,-1,5,0.0,0,0.0,0.0,0,0
7497a082700396608054747ede53ca7c74f1042e,excalidraw,2025-12-01 12:08:55 +0100,zsviczian,fix: Frame and Frame Element binding highlight offset (#10423),1,0,6,24,-18,0,0,0,0,0,0,0,0,0,0,0,0,0,0,0,-1,0.0,-1,4,0.0,0,0.0,0.0,0,0
210dc85c8cd43da0f78b84b59b650de7db1a00a8,excalidraw,2025-11-26 21:02:36 +0100,David Luzar,fix: do not finalize multi-point lines if binding not enabled (#10410),1,1,21,16,5,0,0,0,0,0,0,0,0,0,0,0,0,0,0,0,-1,0.0,-1,4,0.0,0,0.0,0.0,0,0
019ce4c52cc82fe654d7e92c2672843c8ff57c96,excalidraw,2025-11-26 12:00:33 +0100,Márk Tolmács,fix: Corner jumping & hints (#10403),4,2,31,26,5,0,0,1,0,0,0,0,0,0,0,0,0,0,0,0,-1,0.0,-1,3,0.0,0,0.0,0.0,0,0
c141960ada4869ee6a3bb8a665e75c0c18ad7f19,excalidraw,2025-11-25 15:46:02 +0100,Márk Tolmács,feat: Non-elbow arrow snapping and behavior changes (#9670),76,15,5832,3799,2033,1,0,152,0,0,0,0,0,0,0,0,1,3,-2,4,-1,0.0,-1,2,0.0,5,0.0,0.0,1,10
d7e63e66a78f513d5bdbb292b22863ad866a4651,excalidraw,2025-11-24 23:34:42 +0100,zsviczian,fix: rounded left and top clipped image export to SVG (#10387),1,0,5,1,4,0,0,0,0,0,0,0,0,0,0,0,0,0,0,0,-1,0.0,-1,2,0.0,0,0.0,0.0,0,0
b660478164a9137f6c48893f38671eedab22b83e,excalidraw,2025-11-22 16:16:30 +0100,David Luzar,fix: prevent translation of excalidraw container (#10389),1,1,2,1,1,0,0,0,0,0,0,0,0,0,0,0,0,0,0,0,-1,0.0,-1,1,0.0,0,0.0,0.0,0,0
37882c66cbe2b46a1acf8e990638a511c0fe757b,excalidraw,2025-11-18 14:54:02 +0530,gothamsidd,fix: canvas panning stops when hovering over frame title (#10340) (#10351),2,1,5,2,3,0,0,-1,0,0,0,0,0,0,0,0,0,0,0,0,-1,0.0,-1,0,0.0,0,0.0,0.0,0,0
7f66e1fe897873713ba04410534be2d97b9139af,excalidraw,2025-11-11 11:29:44 +0100,David Luzar,fix: banner url (#10315),1,1,6,6,0,0,0,0,0,0,0,0,0,0,0,0,0,0,0,0,-1,0.0,-1,7,0.0,0,0.0,0.0,0,0
2b4540225d66ec4f71d622f5405f2b7b0ef3735c,excalidraw,2025-11-10 22:31:23 +0100,Márk Tolmács,feat: Animation support (#10042),6,2,173,49,124,0,0,11,0,0,0,0,0,0,0,0,0,0,0,0,-1,0.0,-1,7,0.0,1,0.0,0.0,0,2
dc2f25c14add5156a105ab3675c0b179586dc750,excalidraw,2025-11-10 22:31:08 +0100,Márk Tolmács,fix: Alt-duplication copied elements placement (#10152),1,1,9,0,9,0,0,1,0,0,0,0,0,0,0,0,0,0,0,0,-1,0.0,-1,6,0.0,0,0.0,0.0,0,0
8fb16669ab913b7618c6e55a4aba18275fabd1bb,excalidraw,2025-11-10 12:08:57 +0100,Márk Tolmács,feat: Add binding visual debug (#10222),4,1,197,7,190,0,0,14,0,0,0,0,0,0,0,0,0,2,2,0,-1,0.0,-1,5,0.0,0,0.0,0.0,1,3
f2600fe3e835bad81b3c6eb9aeae58e7974ccea1,excalidraw,2025-11-06 22:39:39 +0100,David Luzar,fix: close floating sidebar on main menu open (#10295),4,3,18,6,12,0,0,2,0,0,0,0,0,0,0,0,0,0,0,0,-1,0.0,-1,4,0.0,0,0.0,0.0,0,0
95ddc663392d94cd22a17a982dde5060849038de,excalidraw,2025-11-06 22:33:11 +0100,zsviczian,fix: add toggle pen-mode to MobileMenu (#10293),1,1,15,1,14,0,0,0,0,0,0,0,0,0,0,0,1,0,1,0,-1,0.0,-1,3,0.0,0,0.0,0.0,0,0
5bcd8280c97c97b95f4fd268dbd4ff3d7905f87b,excalidraw,2025-11-06 21:35:14 +0100,David Luzar,feat: add comments/presi eplus promos for discoveribility (#10294),9,8,171,34,137,0,0,2,0,0,0,0,0,0,0,0,0,0,6,0,-1,0.0,-1,2,0.0,2,0.0,0.0,0,2
c99e81678bd13eb34c4f027472e8cd0b4121ba4d,excalidraw,2025-11-04 22:20:55 +1100,Ryan Di,fix: mobile view ui issues (#10284),7,5,104,60,44,0,0,2,0,1,0,0,0,0,0,0,2,0,1,0,-1,0.0,-1,1,0.0,1,0.5,0.0,0,2
47cbb5b6fbeba23fbdfb72729159d723f1176746,excalidraw,2025-11-04 09:34:17 +1100,Ryan Di,refactor: single source of truths with editor interface (#10178),50,25,838,707,131,1,0,5,0,0,0,0,0,0,0,0,5,0,5,0,-1,0.0,-1,0,0.0,1,0.0,0.0,1,8
8d8f69662877a3b7a9d11869392efa778235b785,excalidraw,2025-10-26 15:00:17 -0700,Christopher Tangonan,fix: prevent wrap text in a container to only text that are not bound to a container (#10250),1,0,5,2,3,0,0,0,0,0,0,0,0,0,0,0,0,0,0,0,-1,0.0,-1,4,0.0,0,0.0,0.0,0,0
19b3dc658a56ad50d1e3e8a6ddce8bedc5147f84,excalidraw,2025-10-22 23:29:39 +0200,zsviczian,fix: set radix PropertiesPopover collision boundary (#10221),3,3,12,11,1,0,0,0,0,0,0,0,0,0,0,0,0,0,1,0,-1,0.0,-1,3,0.0,0,0.0,0.0,0,0
4e0441eeb413ad7234f65cbb8fbb397bc715ff46,excalidraw,2025-10-20 16:57:40 +0200,David Luzar,fix: small tweaks to shortcut hints (#10214),1,1,9,12,-3,0,0,0,0,0,0,0,0,0,0,0,0,0,0,0,-1,0.0,-1,2,0.0,0,0.0,0.0,0,0
8013eb5e1628293ee671e431c52184dc576fe293,excalidraw,2025-10-20 17:09:20 +0300,Omar Brikaa,feat: More prominent keyboard shortcuts in hints (#10057),17,6,143,60,83,0,0,0,0,0,0,0,0,0,0,0,0,0,15,0,-1,0.0,-1,3,0.0,0,0.0,0.0,0,2
725412ebd337c18179a52d968d3b0d29eb9c2fa4,excalidraw,2025-10-20 20:56:55 +1100,Ryan Di,fix: context menu getting covered (#10199),3,3,18,6,12,0,0,0,0,0,0,0,0,0,0,0,0,0,1,0,-1,0.0,-1,4,0.0,0,0.0,0.0,0,0
7da176ff7d13aa16b23195a343689df7cd3372be,excalidraw,2025-10-15 21:16:20 +0200,Márk Tolmács,fix: Increase transform handle offset (#10180),4,1,24,23,1,0,0,2,0,0,0,0,0,0,0,0,0,0,1,0,-1,0.0,-1,4,0.0,0,0.0,0.0,0,0
5fffc4743fecb89eeb549c8cf4fb4b9ffd05c703,excalidraw,2025-10-14 16:34:49 +0200,David Luzar,fix: mobile UI and other fixes (#10177),14,10,40,78,-38,0,0,0,0,0,0,0,0,0,0,0,3,0,-4,0,-1,0.0,-1,3,0.0,0,0.0,0.0,0,2
8608d7b2e000ac5f756c263e2c0d04e3f93485c4,excalidraw,2025-10-12 23:33:02 +0200,David Luzar,fix: revert preferred selection to box once you switch to `full` UI (#10160),1,1,22,11,11,0,0,1,0,0,0,0,0,0,0,0,0,0,0,0,-1,0.0,-1,2,0.0,0,0.0,0.0,0,0
19b03b4ca9d9dbbd8d3246d99490dadf57e4c507,excalidraw,2025-10-10 19:12:08 +0300,Omar Brikaa,fix: remove redundant selectionStart/End resetting that causes scroll-reset bug on firefox (#8263),1,0,0,16,-16,0,0,-1,0,0,0,0,0,0,0,0,0,0,0,0,-1,0.0,-1,1,0.0,0,0.0,0.0,0,0
416e8b3e421971bf2162cb78a2dee7bbc6dabb23,excalidraw,2025-10-10 08:48:31 +1100,Ryan Di,feat: new mobile layout (#9996),32,21,1619,602,1017,1,0,27,3,2,0,0,0,0,0,0,34,0,19,14,-1,0.0,-1,0,0.0,26,0.1852,0.0,1,14
f3c16a600d4aae624776660c2ee4462b3bcd6a66,excalidraw,2025-10-02 20:47:26 +0600,Akibur Rahman,fix: text to diagram translation update issue on language update (#10016),2,2,13,18,-5,0,0,0,0,0,0,0,0,0,0,0,1,0,-3,0,-1,0.0,-1,0,0.0,0,0.0,0.0,0,0
fa98b0c54e6e297cd7acb04cd0c6f826d9d25dc7,react-admin,2026-04-03 10:41:57 +0200,ThieryMichel,add more tests,2,0,126,200,-74,0,0,0,0,0,0,0,0,0,0,0,0,0,0,0,-1,0.0,-1,14,0.0,0,0.0,0.0,0,-1
de4689c9086130d7aa152c4353cba0868a997beb,react-admin,2026-04-03 10:29:52 +0200,ThieryMichel,revert dataprovider,2,0,68,199,-131,0,0,-7,0,0,0,0,0,0,0,0,0,0,0,0,-1,0.0,-1,13,0.0,0,0.0,0.0,0,-1
72453715ebb7a7c62f5bcfef55376695745407ed,react-admin,2026-04-03 10:05:35 +0200,ThieryMichel,update test,2,0,0,36,-36,0,0,0,0,0,0,0,0,0,0,0,0,0,0,0,-1,0.0,-1,12,0.0,0,0.0,0.0,0,0
6fb415510260f03015caf5c1f21d14eb65121da6,react-admin,2026-04-02 14:37:52 +0200,ThieryMichel,code review,2,0,21,84,-63,0,0,-6,0,0,0,0,0,0,0,0,0,0,0,0,-1,0.0,-1,11,0.0,0,0.0,0.0,0,-1
244dc5a64cd793bd7fb75f8806277511a9d626ec,react-admin,2026-04-01 15:49:45 +0200,ThieryMichel,better type,1,0,7,4,3,0,0,0,0,0,0,0,0,0,0,0,0,0,0,0,-1,0.0,-1,11,0.0,0,0.0,0.0,0,0
4324dddf066f54f8ecf384a336920f804ff1f194,react-admin,2026-03-31 13:19:24 -0300,Anibal Svarcas,Format local data provider resource guards,2,0,61,33,28,0,0,0,0,0,0,0,0,0,0,0,0,0,0,0,-1,0.0,-1,13,0.0,0,0.0,0.0,0,0
581824a2504cf62083ddd85d6fb7b626e09c95f5,react-admin,2026-03-31 13:13:03 -0300,Anibal Svarcas,Simplify local data provider resource guard,4,0,83,93,-10,0,0,0,0,0,0,0,0,0,0,0,0,0,0,0,-1,0.0,-1,12,0.0,0,0.0,0.0,0,0
7a165e59d4ec70422d295aa2ddf2ed0bf8f7bb38,react-admin,2026-03-31 12:38:34 -0300,Anibal Svarcas,Guard local data provider mutations against missing ids,4,0,369,45,324,1,0,12,0,0,0,0,0,0,0,0,0,0,0,0,-1,0.0,-1,11,0.0,0,0.0,0.0,1,5
78398c4018ddcff28a8b46ff059fda04b745a8c0,react-admin,2026-03-31 10:45:03 -0300,Anibal Svarcas,Use splice for local data provider updates,2,0,8,8,0,0,0,0,0,0,0,0,0,0,0,0,0,0,0,0,-1,0.0,-1,9,0.0,0,0.0,0.0,0,0
d4ecaf83b6fe74b3a657697a82202a73d4e12f2c,react-admin,2026-03-31 10:36:26 -0300,Anibal Svarcas,Avoid prototype-polluting assignments in local data providers,4,0,188,34,154,0,0,1,0,0,0,0,0,0,0,0,0,0,5,0,-1,0.0,-1,5,0.0,0,0.0,0.0,0,0
ff5fd3fb48ee0f17c9e386f1c59a107c3e22bb40,react-admin,2026-04-01 14:13:28 +0200,Jean-Baptiste Kaiser,exclude exported inner component from stories,1,0,4,1,3,0,0,0,0,0,0,0,0,0,0,0,0,0,0,0,-1,0.0,-1,10,0.0,0,0.0,0.0,0,0
b039b06fab9607e7e86768c9f124366b9c363031,react-admin,2026-03-31 12:07:53 -0300,Anibal Svarcas,Address review comment on array source check,1,0,1,4,-3,0,0,0,0,0,0,0,0,0,0,0,0,0,0,0,-1,0.0,-1,10,0.0,0,0.0,0.0,0,0
30542961a72304d88c6229fecefba3785e1442bb,react-admin,2026-03-31 10:36:26 -0300,Anibal Svarcas,Avoid ReDoS in FormDataConsumer source detection,1,0,12,4,8,0,0,0,0,0,0,0,0,0,0,0,0,0,0,0,-1,0.0,-1,5,0.0,0,0.0,0.0,0,0
a3d7895d844f5b4da8dc8cf4f95e7f79245c76bf,react-admin,2026-03-31 10:36:26 -0300,Anibal Svarcas,Fix RichTextField code scanning issues,2,0,32,2,30,0,0,6,0,0,0,0,0,0,0,0,0,0,0,0,-1,0.0,-1,5,0.0,0,0.0,0.0,0,2
a5083741c45791e058b450874509b6e7b63ef15f,react-admin,2026-03-31 10:36:26 -0300,Anibal Svarcas,Escape backslashes in escapePath,2,0,14,1,13,0,0,0,0,0,0,0,0,0,0,0,0,0,2,0,-1,0.0,-1,5,0.0,0,0.0,0.0,0,0
ea3286329fe7e3018a923999aa53bb90ad0910ba,react-admin,2026-03-26 09:13:24 -0300,Anibal Svarcas,Address review comments on SimpleFormIterator fix,2,0,9,9,0,0,0,0,0,0,0,0,0,0,0,0,0,0,-1,0,-1,0.0,-1,14,0.0,0,0.0,0.0,0,0
b7459b1a70679f7ea85e57db35d77bf5cd7f82df,react-admin,2026-03-25 11:50:17 -0300,Anibal Svarcas,Fix nested defaults in SimpleFormIterator,3,0,199,4,195,0,0,2,0,0,0,0,0,0,0,0,0,0,2,0,-1,0.0,-1,14,0.0,0,0.0,0.0,0,0
b9c9befa27aa3dce6cb156bd42748a4b38474c1c,react-admin,2026-03-24 17:36:42 +0100,ThieryMichel,update tests,1,0,8,8,0,0,0,0,0,0,0,0,0,0,0,0,0,0,0,0,-1,0.0,-1,13,0.0,0,0.0,0.0,0,0
03035f3d8bc88cf64b0bf7907ce7ebebe0dde27e,react-admin,2026-03-24 17:13:31 +0100,ThieryMichel,add story for creating a resource with id 0,1,0,64,0,64,0,0,0,0,0,0,0,0,0,0,0,0,0,0,0,-1,0.0,-1,12,0.0,1,0.0,0.0,0,0
2efc7cc57fe3ebc606d9ede45b9d1f0184dd76c5,react-admin,2026-03-24 17:03:12 +0100,ThieryMichel,accept 0 as valid id in useCreate updateCache,1,0,1,1,0,0,0,0,0,0,0,0,0,0,0,0,0,0,0,0,-1,0.0,-1,11,0.0,0,0.0,0.0,0,0
9a9588844afa5283b8237b85e106a53c495617cf,react-admin,2026-03-23 14:22:25 -0300,Anibal Svarcas,Fix ArrayInput spec lint,1,0,0,1,-1,0,0,0,0,0,0,0,0,0,0,0,0,0,0,0,-1,0.0,-1,11,0.0,0,0.0,0.0,0,0
1710f8c0815a64f40b850867e30869eb46694d62,react-admin,2026-03-23 10:16:18 -0300,Anibal Svarcas,Refine ArrayInput story and spec,2,0,35,56,-21,0,0,0,0,0,0,0,0,0,0,0,1,0,0,0,-1,0.0,-1,12,0.0,-1,0.0,0.0,0,0
791e7429fd7862a0a9023313f5e826f648437b8e,react-admin,2026-03-23 09:46:47 -0300,Anibal Svarcas,Fix FilterLiveForm types for RHF 7.72.0,1,0,11,3,8,0,0,0,0,0,0,0,0,0,0,0,0,0,0,0,-1,0.0,-1,11,0.0,0,0.0,0.0,0,0
8e6283697efed215192ebeafbc6f8a3f7e5a2014,react-admin,2026-03-23 09:34:24 -0300,Anibal Svarcas,Use subscribe submit state in ArrayInput,1,0,8,5,3,0,0,0,0,0,0,0,0,0,0,0,0,0,0,0,-1,0.0,-1,10,0.0,0,0.0,0.0,0,0
abbedc7355746e456de8065719a2b90ab9910865,react-admin,2026-03-20 14:49:05 -0300,Anibal Svarcas,Fix custom mutationFn middleware handling,9,0,301,123,178,1,0,5,0,0,0,0,0,0,0,0,0,0,0,3,-1,0.0,-1,9,0.0,3,0.0,0.0,1,6
23a4edd89224ba7bb44e5d0f35009115773dbd86,react-admin,2026-03-20 09:47:57 -0300,Anibal Svarcas,Refine mutationFn typing in mutation hooks,6,0,74,71,3,0,0,0,0,0,0,0,0,0,0,0,0,0,-1,0,-1,0.0,-1,8,0.0,0,0.0,0.0,0,0
c4d471e9a951b1404a08b0128b24bb32907efe03,react-admin,2026-03-20 09:37:31 -0300,Aníbal Svarcas,Update packages/ra-ui-materialui/src/input/ArrayInput/ArrayInput.stories.tsx,1,0,3,3,0,0,0,0,0,0,0,0,0,0,0,0,0,0,0,0,-1,0.0,-1,7,0.0,0,0.0,0.0,0,0
75517d918c5399ef9a8d7dbd8b7097ed9f9ab0d4,react-admin,2026-03-19 12:10:52 -0300,Anibal Svarcas,Fix ArrayInput state typing,1,0,4,1,3,0,0,0,0,0,0,0,0,0,0,0,0,0,0,0,-1,0.0,-1,6,0.0,0,0.0,0.0,0,0
91c8f11ae9e18af95d01f71b8974ed0c4f2956fa,react-admin,2026-03-19 11:59:31 -0300,Anibal Svarcas,Fix ArrayInput subscribe typing,1,0,20,10,10,0,0,0,0,1,0,0,0,0,0,0,0,0,0,0,-1,0.0,-1,5,0.0,0,1.0,0.0,0,0
8d9b5c414205ce6b53bf856d3486403849972f36,react-admin,2026-03-19 11:28:33 -0300,Anibal Svarcas,Fix ArrayInput root error display on conditional mount,3,0,121,11,110,0,0,0,0,2,0,0,0,0,0,0,2,0,1,1,-1,0.0,-1,4,0.0,3,0.5,0.0,0,2
5738e6a53db817e1c00239ddf7c8cc531ab3b056,react-admin,2026-03-18 13:04:46 -0300,Anibal Svarcas,Fix mutationFn overrides in mutation hooks,7,0,279,92,187,1,0,0,0,0,0,0,0,0,0,0,0,0,0,2,-1,0.0,-1,3,0.0,2,0.0,0.0,1,5
8a4ab018e7b96eb876d26a77b3a2de2221204ab9,react-admin,2026-03-16 17:56:07 +0100,fzaninotto,Improve documentation,3,0,43,15,28,0,0,0,0,0,0,0,0,0,0,0,0,0,0,0,-1,0.0,-1,4,0.0,1,0.0,0.0,0,0
e9c7492ba5652395d5029b914862815748927355,react-admin,2026-03-16 13:38:40 -0300,Anibal Svarcas,Avoid double memoization in ArrayField,1,0,2,11,-9,0,0,0,0,0,0,0,0,0,0,0,0,0,-1,0,-1,0.0,-1,3,0.0,-1,0.0,0.0,0,0
7025855ac2dae61f3d4d3b5abf84c0565d841412,react-admin,2026-03-16 12:08:41 -0300,Anibal Svarcas,Introduce ArrayFieldBase in ra-core,3,0,81,100,-19,0,0,0,0,0,0,0,0,0,0,0,0,0,6,0,-1,0.0,-1,2,0.0,2,0.0,0.0,0,0
94557803ab7d1b473e213a95b6d468d4d7398924,react-admin,2026-03-10 11:42:43 +0100,Jean-Baptiste Kaiser,fix tests,1,0,3,1,2,0,0,0,0,0,0,0,0,0,0,0,0,0,0,0,-1,0.0,-1,2,0.0,0,0.0,0.0,0,0
4bd6d4a402795a2a843e5870cdfa4455280e4d94,react-admin,2026-03-10 10:17:20 +0100,Jean-Baptiste Kaiser,Fix compatibility with latest version of `@hookform/resolvers`,6,0,83,16,67,0,0,0,0,0,0,0,0,0,0,0,2,0,2,0,-1,0.0,-1,1,0.0,2,0.0,0.0,0,0
b4c2d43fff6f575596027f6ee20753789c995820,react-admin,2026-03-03 20:46:34 +0100,Felix Rühle,fix(ListButtons): fix nested list toggling in rich text editor,1,0,23,18,5,0,0,1,0,0,0,0,0,0,0,0,0,0,1,0,-1,0.0,-1,3,0.0,0,0.0,0.0,0,0
6c50a2c864e662ce228bf1f590a54ec3ffb0d94c,react-admin,2026-02-26 16:46:58 +0100,ThieryMichel,add test,1,0,110,0,110,0,0,0,0,0,0,0,0,0,0,0,0,0,5,0,-1,0.0,-1,4,0.0,0,0.0,0.0,0,0
7271d3645a05de5bcc7923e145c22d940a6bb58e,react-admin,2026-02-26 15:47:21 +0100,ThieryMichel,update SavedQueryFilterListItem to update listContext stateinstead of navigating,2,0,45,21,24,0,0,0,0,0,0,0,0,0,0,0,0,0,-1,0,-1,0.0,-1,3,0.0,1,0.0,0.0,0,0
ea92743a127066a176ca1beccefd8ebb579efeca,react-admin,2026-02-26 06:57:31 +0100,François Zaninotto,Improve ReferenceManyField full app story,1,0,52,20,32,0,0,0,0,0,0,0,0,0,0,0,0,0,0,0,-1,0.0,-1,3,0.0,0,0.0,0.0,0,0
07b3e4653db8ab6f0d5bd3adb21b02c168cba846,react-admin,2026-02-23 13:46:48 +0100,fzaninotto,Fix ts errors,1,0,10,16,-6,0,0,0,0,0,0,0,0,0,0,0,0,0,0,0,-1,0.0,-1,16,0.0,0,0.0,0.0,0,0
a833a36ae0f320f9eadc0f9e976de3689c76c8c8,react-admin,2026-02-23 13:26:20 +0100,fzaninotto,[TypeScript] Fix withLifecycleCallback return type for augmented data providers,2,0,18,3,15,0,0,1,0,0,0,0,0,0,0,0,0,0,0,0,-1,0.0,-1,15,0.0,0,0.0,0.0,0,0
32495d0894f68429f818cf8eaf3adf451a0287b1,react-admin,2026-02-19 09:30:45 +0100,Jean-Baptiste Kaiser,rename GuesserEmpty to ListGuesserEmpty,1,0,16,16,0,0,0,0,0,0,0,0,0,0,0,0,0,0,0,0,-1,0.0,-1,17,0.0,0,0.0,0.0,0,0
b0ba0b0dde6b77505b72c3ee6599d862ab1220cd,react-admin,2026-02-18 15:31:13 +0100,fzaninotto,Add argtype to allow testing error case,1,0,18,2,16,0,0,0,0,0,0,0,0,0,0,0,0,0,0,0,-1,0.0,-1,17,0.0,0,0.0,0.0,0,0
981b732bd19f9dc2e3e36eb250959f9d33012e0d,react-admin,2026-02-18 11:17:06 -0300,Anibal Svarcas,Add ListGuesser empty-state test,1,0,10,1,9,0,0,0,0,0,0,0,0,0,0,0,0,0,0,0,-1,0.0,-1,16,0.0,0,0.0,0.0,0,0
e3f428ee69a3becd64ba98015bd8d0fd1cd852fd,react-admin,2026-02-18 11:16:59 -0300,Anibal Svarcas,Add empty-state story for ListGuesser,1,0,19,0,19,0,0,0,0,0,0,0,0,0,0,0,0,0,0,0,-1,0.0,-1,15,0.0,1,0.0,0.0,0,0
b6a84bf95e8f651957a162477a2eccd2983708c8,react-admin,2026-02-18 11:16:52 -0300,Anibal Svarcas,Use dedicated empty state in ListGuesser,1,0,60,0,60,0,0,0,0,0,0,0,0,0,0,0,0,0,3,0,-1,0.0,-1,14,0.0,4,0.0,0.0,0,0
49012c21ae5a9d7dad96fcd3e6faacef406fb437,react-admin,2026-02-18 10:28:42 +0100,Jean-Baptiste Kaiser,simplify index.html,1,0,3,3,0,0,0,0,0,0,0,0,0,0,0,0,0,0,0,0,-1,0.0,-1,13,0.0,0,0.0,0.0,0,0
7c5a208f35cac7096150234fad9ed7c3eaf32ed4,react-admin,2026-02-18 10:22:40 +0100,Jean-Baptiste Kaiser,replace PostList by ListGuesser,2,0,7,17,-10,0,0,0,0,0,0,0,0,0,0,0,0,0,-2,0,-1,0.0,-1,12,0.0,-1,0.0,0.0,0,0
eec1044e16a1c1fa0a057168fd3c49fc7291bff3,react-admin,2026-02-18 10:19:39 +0100,Jean-Baptiste Kaiser,add tanstack query devtools,1,0,3,2,1,0,0,0,0,0,0,0,0,0,0,0,0,0,1,0,-1,0.0,-1,11,0.0,0,0.0,0.0,0,0
4398b7faa863e8fb794d839836cf758e5d7e8c7f,react-admin,2026-02-18 10:01:33 +0100,fzaninotto,[TypeScript] Fix ReferenceManyField queryOptions type doesn't support error and success callbacks,2,0,34,6,28,0,0,0,0,0,0,0,0,0,0,0,0,2,0,0,-1,0.0,-1,10,0.0,1,0.0,0.0,0,1
02fd89a6b2b0f53ab53bba607bfa0d10022f5384,react-admin,2026-02-17 17:08:35 +0100,Jean-Baptiste Kaiser,fix mutations,1,0,0,3,-3,0,0,0,0,0,0,0,0,0,0,0,0,0,0,0,-1,0.0,-1,11,0.0,0,0.0,0.0,0,0
05d2c5b576493bfe8ba657556698b37188efcda0,react-admin,2026-02-17 16:02:32 +0100,Jean-Baptiste Kaiser,remove console.log,1,0,0,1,-1,0,0,0,0,0,0,0,0,0,0,0,0,0,0,0,-1,0.0,-1,10,0.0,0,0.0,0.0,0,0
a95ae3d2b9240d4117bf6d115fcd33646ff95bd5,react-admin,2026-02-17 16:02:21 +0100,Jean-Baptiste Kaiser,fix redirectOnError,2,0,11,18,-7,0,0,0,0,0,0,0,0,0,0,0,0,0,0,0,-1,0.0,-1,9,0.0,0,0.0,0.0,0,0
0e3778d1553fff722cb03010a653efe520c3b86f,react-admin,2026-02-17 11:37:21 -0300,Anibal Svarcas,Add guesser empty i18n messages to core language packs,3,0,18,0,18,0,0,0,0,0,0,0,0,0,0,0,0,0,0,0,-1,0.0,-1,8,0.0,0,0.0,0.0,0,0
9a5133cef9601c462fa73b88063bf3dce584e3d5,react-admin,2026-02-17 10:49:48 +0100,Jean-Baptiste Kaiser,disable redirectOnError in PostEdit,3,0,38,8,30,0,0,0,0,0,0,0,0,0,0,0,0,0,4,0,-1,0.0,-1,7,0.0,2,0.0,0.0,0,0
2e6440fe9c551dc1bfed3ae7deabec09ead76334,react-admin,2026-02-17 10:26:00 +0100,Jean-Baptiste Kaiser,update offline config according to doc,1,0,41,16,25,0,0,0,0,0,0,0,0,0,0,0,1,0,1,0,-1,0.0,-1,6,0.0,0,0.0,0.0,0,0
32ca064bb8363d34d33cf9aa074cbac8c3866a76,react-admin,2026-02-14 09:53:04 +0100,François Zaninotto,Fix ReferenceField does not work offline,1,0,1,1,0,0,0,0,0,0,0,0,0,0,0,0,0,0,0,0,-1,0.0,-1,10,0.0,0,0.0,0.0,0,0
4b6067651caece863323618549fde166de5e608b,react-admin,2026-02-12 17:57:03 +0100,Gildas Garcia,Add an offline example,11,0,200,28,172,0,0,6,0,0,0,0,0,0,0,0,0,1,17,0,-1,0.0,-1,12,0.0,2,0.0,0.0,0,2
0b64370ac593257050332a5fdae0d48811f2b418,react-admin,2026-02-12 14:16:11 +0100,Manuele Sarfatti,Fix Confirm warning hover background transparency,2,0,16,3,13,0,0,0,0,0,0,0,0,0,0,0,0,0,0,0,-1,0.0,-1,11,0.0,0,0.0,0.0,0,0
b7b07ae04d30e9fa1baa6deee042eab27009c57d,react-admin,2026-02-11 17:02:45 +0100,Jean-Baptiste Kaiser,[no ci] Update packages/ra-core/src/dataProvider/addOfflineSupportToQueryClient.ts,1,0,2,2,0,0,0,0,0,0,0,0,0,0,0,0,0,0,0,0,-1,0.0,-1,10,0.0,0,0.0,0.0,0,0
1cc29b861cfac819b3738eb5a93ad16a6e37d106,react-admin,2026-02-11 09:38:40 +0100,Gildas Garcia,Add error case to story,1,0,58,8,50,0,0,0,0,0,0,0,0,0,0,0,0,0,0,0,-1,0.0,-1,9,0.0,0,0.0,0.0,0,0
4c350ad51fb334693c3019d25f2d9872a3c992f7,react-admin,2026-02-11 09:38:03 +0100,Gildas Garcia,Improve JSDocs,1,0,2,3,-1,0,0,0,0,0,0,0,0,0,0,0,0,0,0,0,-1,0.0,-1,8,0.0,0,0.0,0.0,0,0
9f8b00be8ad7ac7a5fad7b7ffbe356398a97ecb1,react-admin,2026-02-09 16:37:47 +0100,React-Admin CI,Improve story resumable mutations,1,0,4,0,4,0,0,0,0,0,0,0,0,0,0,0,1,0,0,0,-1,0.0,-1,7,0.0,0,0.0,0.0,0,0
4763b8b515beff00f04ad156ecb5c3685fd30dbd,react-admin,2026-02-09 16:32:18 +0100,React-Admin CI,Improve story to show custom mutations and add react-query devtools,1,0,92,12,80,0,0,2,0,0,0,0,0,0,0,0,1,0,1,0,-1,0.0,-1,6,0.0,1,0.0,0.0,0,0
9a2ace2259e993db5d9048bf519fee1c68d03bcd,react-admin,2026-02-09 16:31:35 +0100,React-Admin CI,Improve `useCanAccessCallback` so that it does prevent offline scenarios when the authProvider does not implement `canAc,1,0,6,1,5,0,0,0,0,0,0,1,0,0,0,0,0,0,1,0,-1,0.0,-1,5,0.0,0,1.0,1.0,0,-2
87dcd40b36ee39d79ebaa016b3bf898adaabc9ad,react-admin,2026-02-09 16:23:23 +0100,React-Admin CI,Add an utility to configure react-query for resumable mutations,3,0,113,0,113,0,0,3,0,0,0,0,0,0,0,0,2,0,3,0,-1,0.0,-1,4,0.0,1,0.0,0.0,0,1
d5e562b40b01c55d8d50afc7311e79151044596d,react-admin,2026-02-09 10:40:01 +0100,Jean-Baptiste Kaiser,fix linter error and simplify return types,1,0,5,5,0,0,0,0,0,0,0,0,0,0,0,0,0,0,0,0,-1,0.0,-1,3,0.0,0,0.0,0.0,0,0
19d910a7275158453ab24a565897d8018b3fca4c,react-admin,2026-02-06 14:31:21 -0300,Gabriel-Malenowitch,fix: fix ts,1,0,16,10,6,0,0,0,0,0,0,0,0,0,0,0,0,0,0,0,-1,0.0,-1,1,0.0,0,0.0,0.0,0,0
cffc55d43410a01ff6543ca8ff2954bc36afb87c,react-admin,2026-02-06 17:31:15 +0100,Matthieu Hochlander,Fix vite configuration for tutorial example.,1,0,58,22,36,0,0,4,0,0,0,0,0,0,0,0,0,0,1,0,-1,0.0,-1,2,0.0,0,0.0,0.0,0,1
0c417704b3703c49aa18063a1f25a653c30da06a,react-admin,2026-02-06 09:41:14 +0100,Gildas,[Doc] Offline Support Documentation,1,0,151,0,151,0,0,0,0,0,0,0,0,0,0,0,1,0,9,0,-1,0.0,-1,0,0.0,8,0.0,0.0,0,0
6ab49c34c8ce926fd01cef9f76326c9d1693b129,react-admin,2026-01-27 19:01:36 +0100,Matthieu Hochlander,Prevent dragging column below the Reset button.,1,0,14,15,-1,0,0,0,0,0,0,0,0,0,0,0,1,0,0,0,-1,0.0,-1,21,0.0,0,0.0,0.0,0,0
3a8d27ef1e2f37ac085ed1cb82a3ba047bb29370,react-admin,2026-01-27 18:42:03 +0100,Matthieu Hochlander,Fix index path to be more specific than a catch-all.,3,0,96,0,96,0,0,0,0,0,0,0,0,0,0,0,0,0,0,0,-1,0.0,-1,20,0.0,1,0.0,0.0,0,0
e53c6953ab8cfad47fdf73b0996f2b8dadacb8a4,react-admin,2026-01-27 17:35:05 +0100,Matthieu Hochlander,Fix empty path to be more specific than a catch-all.,3,0,104,4,100,0,0,1,0,0,0,0,0,0,0,0,0,0,0,0,-1,0.0,-1,19,0.0,1,0.0,0.0,0,0
4912a4eb390013e97dec23a31d8460b378d25001,react-admin,2026-01-27 11:17:00 +0100,Matthieu Hochlander,Improve test code.,3,0,9,21,-12,0,0,0,0,0,0,0,0,0,0,0,0,0,0,0,-1,0.0,-1,18,0.0,0,0.0,0.0,0,0
82fbe329437a67e4ca26fb76c33dd53efc9466c7,react-admin,2026-01-27 11:12:26 +0100,Matthieu Hochlander,Correctly handle pathless route in hasCatchAll.,1,0,3,3,0,0,0,0,0,0,0,0,0,0,0,0,0,0,0,0,-1,0.0,-1,17,0.0,0,0.0,0.0,0,0
5286f4ebfccf238f84c1f4ae7904110b682235d5,react-admin,2026-01-27 10:43:25 +0100,Matthieu Hochlander,Fix onSettled call when provided in hook time options.,6,0,140,29,111,0,0,0,0,0,0,0,0,0,0,0,0,0,0,3,-1,0.0,-1,16,0.0,3,0.0,0.0,0,2
55cfe5414912611e058dd042166d767a363fd166,react-admin,2026-01-26 17:58:11 +0100,Matthieu Hochlander,Fix the most specific matching route when using pathless routes.,3,0,256,106,150,1,0,-9,0,0,1,1,0,0,0,0,0,0,0,0,-1,0.0,-1,15,0.0,1,1.0,2.0,0,0
b6ecabff8dad895293ec24289c02c47db299f379,react-admin,2026-01-25 13:46:42 -0300,Anibal Svarcas,chore(ra-ui-materialui): omit to from link button props,3,0,3,3,0,0,0,0,0,0,0,0,0,0,0,0,0,0,0,0,-1,0.0,-1,19,0.0,0,0.0,0.0,0,0
0b7d80e36b56a644b08424cd693e584c2141af90,react-admin,2026-01-23 13:21:10 -0300,Anibal Svarcas,Include resource prop in CloneButton types,1,0,1,0,1,0,0,0,0,0,0,0,0,0,0,0,0,0,0,0,-1,0.0,-1,34,0.0,0,0.0,0.0,0,0
1aca5b0c5d6335b800520b4d17ce28e8999e96ff,react-admin,2026-01-23 13:03:55 -0300,Anibal Svarcas,Align Clone/List button props with LinkBase,2,0,2,2,0,0,0,0,0,0,0,0,0,0,0,0,0,0,0,0,-1,0.0,-1,33,0.0,0,0.0,0.0,0,0
fd42c8e372b236eb8ff75775c4a591b77cac1432,react-admin,2026-01-23 13:02:05 -0300,Anibal Svarcas,Fix EditButton ref props type,1,0,1,1,0,0,0,0,0,0,0,0,0,0,0,0,0,0,0,0,-1,0.0,-1,32,0.0,0,0.0,0.0,0,0
128c4f0dd4ad3d697cba81917ee9fd622ae18776,react-admin,2026-01-23 09:22:48 +0100,fzaninotto,Fix formatting,1,0,3,1,2,0,0,0,0,0,0,0,0,0,0,0,0,0,0,0,-1,0.0,-1,33,0.0,0,0.0,0.0,0,0
38e1bb4b07ecc094f21456f45ffc4d9ea280dd00,react-admin,2026-01-23 09:18:37 +0100,fzaninotto,Avoid changing the order of search parameters,1,0,84,43,41,0,0,6,0,0,0,0,0,0,0,0,0,0,0,0,-1,0.0,-1,32,0.0,0,0.0,0.0,0,2
5fd97bec1dd7585489fa2d5e5dc7b1a834882a8b,react-admin,2026-01-22 18:04:27 +0100,fzaninotto,Fix Navigate when used with search-only location,3,0,102,1,101,0,0,2,0,0,0,0,0,0,0,0,0,0,0,2,-1,0.0,-1,31,0.0,2,0.0,0.0,0,2
9b65cab34b560c71cc774d9cd0580a9cfaa28fbc,react-admin,2026-01-22 12:30:54 +0100,fzaninotto,Review,2,0,3,15,-12,0,0,-1,0,0,0,0,0,0,0,0,0,0,0,0,-1,0.0,-1,30,0.0,-1,0.0,0.0,0,0
6f8d02e0f8fed9e0edec1a27b07226c716fa3492,react-admin,2026-01-21 22:03:23 +0100,François Zaninotto,Review,3,0,16,18,-2,0,0,0,0,0,0,0,0,0,0,0,0,0,0,0,-1,0.0,-1,30,0.0,0,0.0,0.0,0,0
886df63cc90dc3bdf1602645f14bcf6985dd56af,react-admin,2026-01-21 16:14:01 +0100,fzaninotto,Fix warnings,3,0,81,80,1,0,0,0,0,0,2,0,0,0,0,0,0,0,0,1,-1,0.0,-1,29,0.0,0,2.0,2.0,0,-1
fa50f65466e8be771ec44e02168cdef39c69c12e,react-admin,2026-01-21 15:51:25 +0100,fzaninotto,Fix route specificity comparison by adding a catch-all detection,3,0,199,20,179,0,0,23,0,0,0,0,0,0,0,0,3,0,0,0,-1,0.0,-1,28,0.0,3,0.0,0.0,0,2
4b25ef5f85ccd35ef96e2e07b8c1edcce3cecd31,react-admin,2026-01-21 15:01:05 +0100,fzaninotto,Fix handling of routes with no path,3,0,122,2,120,0,0,11,0,0,0,0,0,0,0,0,0,0,0,0,-1,0.0,-1,29,0.0,1,0.0,0.0,0,2
9c02c939a7f558f6d851162dc33969d259103ebb,react-admin,2026-01-21 14:34:36 +0100,fzaninotto,Fix Link doesn't manage search-only to param,3,0,54,5,49,0,0,0,0,0,0,0,0,0,0,0,0,0,0,0,-1,0.0,-1,28,0.0,0,0.0,0.0,0,0
a597df1d7386f3508e4cebca2bf628f5f9aebaf8,react-admin,2026-01-21 13:59:02 +0100,fzaninotto,Fix Navigate doesn't handle location objects,3,0,65,6,59,0,0,1,0,0,0,0,0,0,0,0,0,0,0,1,-1,0.0,-1,27,0.0,1,0.0,0.0,0,2
2dbd75357553f8c3319eef03aa99b7ede908fc39,react-admin,2026-01-21 09:22:36 -0300,Anibal Svarcas,applied review,3,0,3,2,1,0,0,0,0,0,0,0,0,0,0,0,0,0,1,0,-1,0.0,-1,26,0.0,-1,0.0,0.0,0,0
0aadb62b639ac77a819a73e8b304149e88b615cc,react-admin,2026-01-19 13:30:11 -0300,Anibal Svarcas,remove manual timeouts,1,0,4,4,0,0,0,0,0,0,0,0,0,0,0,0,0,0,0,0,-1,0.0,-1,25,0.0,0,0.0,0.0,0,0
807355d0917c14505cad23e0799e03657ff2c734,react-admin,2026-01-19 11:13:28 -0300,Anibal Svarcas,increase global jest/testing-library timeouts,2,0,5,0,5,0,0,0,0,0,0,0,0,0,0,0,0,0,0,0,-1,0.0,-1,24,0.0,0,0.0,0.0,0,0
f2db766a0c41d5967446cfe311b7e87e7f0161e9,react-admin,2026-01-19 09:21:37 -0300,Anibal Svarcas,applied review,3,0,66,33,33,0,0,2,0,0,0,0,0,0,0,0,0,0,0,0,-1,0.0,-1,23,0.0,0,0.0,0.0,0,0
91fd1b24bb8d107056ec9b34efa6296f955e8f44,react-admin,2026-01-18 20:46:43 -0300,Anibal Svarcas,fix: correct incorrect getData query key,1,0,3,6,-3,0,0,0,0,0,0,0,0,0,0,0,0,0,0,0,-1,0.0,-1,23,0.0,0,0.0,0.0,0,0
33beb59320e877ecc14b2b80250e8aaa55cbd501,react-admin,2026-01-18 20:46:32 -0300,Anibal Svarcas,fix: resolve GetDataOptions lint warning,3,0,6,11,-5,0,0,0,0,0,0,0,0,0,0,0,0,0,0,0,-1,0.0,-1,22,0.0,0,0.0,0.0,0,0
07befbd2c6d4ba2a85afdbb232817ecbd2de65a0,react-admin,2026-01-17 18:05:31 -0300,Anibal Svarcas,fix: align button ref types with underlying elements to fix TS errors,23,0,39,29,10,0,0,0,0,0,0,0,0,0,0,0,0,0,0,0,-1,0.0,-1,21,0.0,0,0.0,0.0,0,0
afd1d2b92e45287fbfd4d2bdd5d156ccff38eac5,react-admin,2026-01-17 17:34:10 -0300,Anibal Svarcas,feat: forward refs for tooltip-wrapped buttons,27,0,955,797,158,1,0,0,0,4,0,0,0,0,0,0,0,0,2,6,-1,0.0,-1,20,0.0,7,0.5,0.0,1,6
1caa52d3d3a1392c4956ba63906e5221ee5449bc,react-admin,2026-01-17 16:05:47 -0300,Anibal Svarcas,fix: stabilize flaky tests,7,0,63,85,-22,0,0,0,0,0,0,0,0,0,0,0,0,0,1,0,-1,0.0,-1,19,0.0,0,0.0,0.0,0,0
f7262439501a17c888e82523bc76f6e4faaf5350,react-admin,2026-01-17 08:45:48 +0100,fzaninotto,remove global dependency to tanstack router,2,0,6,3,3,0,0,0,0,0,0,0,0,0,0,0,0,0,1,0,-1,0.0,-1,18,0.0,0,0.0,0.0,0,0
40880cdb9e4212657fdcfe1b6dd6a448ddd20091,react-admin,2026-01-17 08:35:50 +0100,fzaninotto,Move TanStack Router adapter to a standalone package,6,0,29,16,13,0,0,1,0,0,0,0,0,0,0,0,0,0,-3,0,-1,0.0,-1,17,0.0,1,0.0,0.0,0,0
f30fa8a18c705abdaef5841c11f84f1924dd2cb7,react-admin,2026-01-17 00:41:13 -0300,Anibal Svarcas,fix: avoid RaRecord constraint in ArrayField,1,0,5,4,1,0,0,0,0,0,0,0,0,0,0,0,0,0,0,0,-1,0.0,-1,16,0.0,0,0.0,0.0,0,0
9f23336e78acbfe50a727414a8b2c4d63f14c2f8,react-admin,2026-01-17 00:35:06 -0300,Anibal Svarcas,fix: relax reference many field types,3,0,5,5,0,0,0,0,0,0,0,0,0,0,0,0,0,0,0,0,-1,0.0,-1,15,0.0,0,0.0,0.0,0,0
e819c0574e8ea3cfe12b1acfdae8dbcd83e57114,react-admin,2026-01-17 00:22:00 -0300,Anibal Svarcas,fix: align reference many field types,2,0,3,4,-1,0,0,0,0,0,0,0,0,0,0,0,0,0,0,0,-1,0.0,-1,14,0.0,0,0.0,0.0,0,0
3339ff96dfe25fcd2a919425db30608f41567529,react-admin,2026-01-16 23:41:53 -0300,Anibal Svarcas,fix: expose exporter in reference many controller,1,0,1,0,1,0,0,0,0,0,0,0,0,0,0,0,0,0,0,0,-1,0.0,-1,13,0.0,0,0.0,0.0,0,0
c223ce5848eb64e53917d02d8273f25f79273856,react-admin,2026-01-16 23:08:06 -0300,Anibal Svarcas,stories: export CSV in exporter examples,4,0,37,9,28,0,0,0,0,0,0,0,0,0,0,0,0,0,0,0,-1,0.0,-1,12,0.0,0,0.0,0.0,0,0
929ce7d938371c9cbde72c95762eefc8cb46677a,react-admin,2026-01-16 22:54:20 -0300,Anibal Svarcas,stories: add exporter and getData examples,4,0,128,1,127,0,0,0,0,0,0,0,0,0,0,0,0,0,6,0,-1,0.0,-1,11,0.0,5,0.0,0.0,0,0
91997def8419b0fda41ac079885baa5f643da408,react-admin,2026-01-16 22:36:04 -0300,Anibal Svarcas,test: cover getData in list contexts,6,0,173,0,173,0,0,3,3,0,0,0,0,0,0,0,0,0,0,3,-1,0.0,-1,10,0.0,3,0.75,0.0,1,6
bcc7e0460e8353b9e7558ed85a4095f65d58770f,react-admin,2026-01-16 22:35:46 -0300,Anibal Svarcas,feat: wire exporter props and getData export,4,0,33,13,20,0,0,0,0,0,0,0,0,0,0,0,0,0,0,0,-1,0.0,-1,9,0.0,0,0.0,0.0,0,0
be8a00786aedca8c9939703909fe61180aed5c75,react-admin,2026-01-16 22:35:31 -0300,Anibal Svarcas,feat: add default exporter to list hooks,3,0,21,3,18,0,0,0,0,0,0,0,0,0,0,0,0,0,3,0,-1,0.0,-1,8,0.0,0,0.0,0.0,0,0
a04ea39831530d5ffef4f768e1c7c7131765721d,react-admin,2026-01-16 22:33:58 -0300,Anibal Svarcas,feat: add getData to list controllers,4,0,147,22,125,0,0,5,1,0,2,0,0,0,0,0,0,0,2,0,-1,0.0,-1,7,0.0,3,0.75,2.0,0,-2
b38f8a96dbde060a48a229a8be3e15151832d732,react-admin,2026-01-16 21:52:29 +0300,Faruk Emre EKŞİOĞLU,docs: Add deleteMany method to README and source code docs for json-server Data Provider.,1,0,1,0,1,0,0,0,0,0,0,0,0,0,0,0,0,0,0,0,-1,0.0,-1,6,0.0,0,0.0,0.0,0,0
c09a8cf1ad422ab2179465baacc3955ab459f691,react-admin,2026-01-16 10:39:06 -0300,Anibal Svarcas,undo unnecesary lateral padding modification,1,0,1,1,0,0,0,0,0,0,0,0,0,0,0,0,0,0,0,0,-1,0.0,-1,5,0.0,0,0.0,0.0,0,0
cdbe3286ef7332260d21a844ddcb341176eaa436,react-admin,2026-01-16 10:26:21 -0300,Anibal Svarcas,fix padding,1,0,2,2,0,0,0,0,0,0,0,0,0,0,0,0,0,0,0,0,-1,0.0,-1,4,0.0,0,0.0,0.0,0,0
36adbd855c4c0cadec31384bac20d46e584cb119,react-admin,2026-01-15 11:47:08 -0300,Anibal Svarcas, keep columns search input fixed above menu list,2,0,34,33,1,0,0,0,0,0,0,0,0,0,0,0,1,0,0,0,-1,0.0,-1,3,0.0,0,0.0,0.0,0,0
06edd9163a03fa67d4250029506ae60354288271,react-admin,2026-01-14 15:42:10 +0100,fzaninotto,Fix linter issues,1,0,11,9,2,0,0,0,0,0,0,0,0,0,0,0,0,0,0,0,-1,0.0,-1,2,0.0,0,0.0,0.0,0,0
6a75c738aaeecd4b26dc163b8fea2d40e3264b91,react-admin,2026-01-14 15:35:06 +0100,fzaninotto,Fix multiple TanStack Router adapter issues,6,0,557,128,429,1,0,7,0,0,0,0,1,0,0,0,5,0,0,2,-1,0.0,-1,1,0.0,8,0.1111,0.0,1,9
31f10cd6799e26e3e6d1b6db6c79a020a3361bbd,react-admin,2026-01-11 23:37:26 +0100,François Zaninotto,Fix corner case with basename,1,0,18,2,16,0,0,3,0,0,0,0,0,0,0,0,0,0,0,0,-1,0.0,-1,0,0.0,0,0.0,0.0,0,1
e9b18d25883c947325e042d008cbf870f99272f0,strapi,2026-04-07 16:30:19 +0300,Antti Tuppurainen,chore: adding finnish translation to Strapi Admin (#25620),1,0,1,0,1,0,0,0,0,0,0,0,0,0,0,0,0,0,0,0,-1,0.0,-1,11,0.0,0,0.0,0.0,0,0
12dfbe97c937166907075cd11d623da868195135,strapi,2026-01-17 17:13:52 +0900,Yohei Yamamoto,chore: fix typos in comments and docs,5,0,5,5,0,0,0,-1,0,0,0,0,0,0,0,0,0,0,0,0,-1,0.0,-1,0,0.0,0,0.0,0.0,0,0
a089e05634986bf8bc4daf9ef3f7ebb3ec39c230,strapi,2026-04-07 12:56:14 +0100,Jamie Howard,test: unit test transfer CLI command functionality (#25912),1,0,160,0,160,0,0,0,0,0,0,0,0,0,0,0,0,0,3,0,-1,0.0,-1,15,0.0,0,0.0,0.0,0,0
dd420fd0582a236b3572a765b64a12960bbd53c7,strapi,2026-04-03 15:49:07 +0200,Ben Irvin,fix(admin): p is not function error (#25663),1,0,18,1,17,0,0,4,0,0,0,0,0,0,0,0,0,0,0,0,-1,0.0,-1,21,0.0,0,0.0,0.0,0,1
21402c2d26f0cbc464622c7a7ba3abde08c3208d,strapi,2026-04-02 15:07:35 +0200,Ben Irvin,feat(data-transfer): add directory export/import format (#25867),93,2,1134,104,1030,1,0,42,0,0,0,0,0,0,0,0,0,0,48,0,-1,0.0,-1,19,0.0,3,0.0,0.0,1,5
2ea4c8ccbeec71e0bd4268db9c36993e891aa0b8,strapi,2026-04-02 19:58:10 +0800,guoyangzhen,fix(content-manager): wrap single type displayName with formatMessage (#25880),1,0,4,1,3,0,0,0,0,0,0,0,0,0,0,0,0,0,0,0,-1,0.0,-1,20,0.0,0,0.0,0.0,0,0
e26d2748a294db13a7f10bcd7721ac3d9c0fe0ce,strapi,2026-04-02 13:10:38 +0200,Ben Irvin,test(cli): use snapshots for list output (#25898),8,0,27,803,-776,0,0,1,0,0,0,0,0,0,0,0,0,0,0,0,-1,0.0,-1,18,0.0,1,0.0,0.0,0,-1
b78c5e7c6a8eff8c64ff187d9f43043a00dc4821,strapi,2026-04-02 12:27:40 +0300,Bassel Kanso,fix(create-strapi-app): generate .yarnrc.yml for Yarn projects (#25869),2,0,126,1,125,0,0,8,0,0,0,0,0,0,0,0,0,0,1,0,-1,0.0,-1,17,0.0,0,0.0,0.0,0,2
2cc0ba2f6d77abb388bce391afd8bbcab170db75,strapi,2026-04-02 11:09:57 +0200,Ben Irvin,test(cli): openapi generations (#25897),1,0,73,15,58,0,0,7,0,0,0,0,0,0,0,0,0,0,1,0,-1,0.0,-1,16,0.0,1,0.0,0.0,0,2
a9afb42db93f3f80ad8a1eb3a1ed3f55ca05a659,strapi,2026-04-01 12:27:54 +0100,Jamie Howard,"RBAC ""Move to stage"" for review workflows (#25723)",12,2,793,132,661,1,0,29,0,0,0,0,0,0,0,0,0,0,5,0,-1,0.0,-1,15,0.0,0,0.0,0.0,1,5
043798dbe8bdb928ca339135f7077073debcef6a,strapi,2026-04-01 11:35:22 +0200,Ben Irvin,fix: load inquirer async,7,0,26,6,20,0,0,0,0,0,0,0,0,0,0,0,0,0,0,0,-1,0.0,-1,14,0.0,0,0.0,0.0,0,0
6a902d16ab27815f686cae13f29be6194fc5a649,strapi,2026-04-01 10:52:57 +0200,Ben Irvin,test(api): add test for extendFields (#25871),1,0,72,0,72,0,0,2,0,0,0,0,0,0,0,0,0,0,1,0,-1,0.0,-1,13,0.0,0,0.0,0.0,0,0
786f1ecea1e5b44b657bc2b53ac816b2b4f347a1,strapi,2026-03-31 17:46:53 +0200,Ben Irvin,fix(content-manager): pass component schemas when rebuilding list view headers (#25872),4,0,143,4,139,0,0,3,0,0,0,1,0,0,0,0,0,0,3,0,-1,0.0,-1,12,0.0,0,1.0,1.0,0,-1
62f601ae7600ee6b43e12f76fb275897e7b02367,strapi,2026-03-31 16:05:24 +0200,Ben Irvin,test(api): add REST tests for relation documentId shorthand (#25870),1,0,88,0,88,0,0,0,0,0,0,0,0,0,0,0,0,0,0,0,-1,0.0,-1,10,0.0,0,0.0,0.0,0,0
0a1886db0f5cee8d3f68f16ae665cbca86271b6a,strapi,2026-03-31 14:08:26 +0100,Jamie Howard,fix(core): relation handling preserves order during unpublish/republish cycles (#25764),2,0,414,37,377,1,0,14,0,0,0,0,0,0,0,0,0,0,0,0,-1,0.0,-1,7,0.0,2,0.0,0.0,1,5
1459f88cdef27279820683e174df563ea9452647,strapi,2026-03-31 14:15:27 +0200,Ben Irvin,fix: contains filter no longer returns empty data (#25810),6,0,152,4,148,0,0,3,0,0,0,0,0,0,0,0,0,0,4,0,-1,0.0,-1,9,0.0,0,0.0,0.0,0,1
da9cdfc6405cb8d41d78c4582455e52a47cc5a4e,strapi,2026-03-31 14:12:19 +0200,Ben Irvin,fix: hide legacy options,1,0,3,3,0,0,0,0,0,0,0,0,0,0,0,0,0,0,0,0,-1,0.0,-1,8,0.0,0,0.0,0.0,0,0
8745b6a023624d0a881ae0bb156fd9d431c58f57,strapi,2026-03-31 06:17:39 -0400,Joshua Klinesmith,fix(documentation): use dist extensions path in production (#25863),3,0,98,15,83,0,0,6,0,0,0,0,0,0,0,0,0,0,1,0,-1,0.0,-1,5,0.0,0,0.0,0.0,0,2
8d5b04ece4324e9b6eb906c2d7dacfa8ff07c16e,strapi,2026-03-31 12:17:31 +0200,Simon Norris,"feat: removing A/B testing from the prompt Currently A/B testing opt-in isn't used, so removing it from the CLI",4,0,1,32,-31,0,0,-1,0,0,0,0,0,0,0,0,0,0,0,0,-1,0.0,-1,6,0.0,0,0.0,0.0,0,0
8af200e5e04807a108aeb6f6e15b1014077cf55a,strapi,2026-03-31 16:26:56 +0800,guoyangzhen,fix: change return to continue in deleteRelations when using foreign keys (#25857),2,0,131,2,129,0,0,2,0,0,0,0,0,0,0,0,0,0,0,0,-1,0.0,-1,11,0.0,1,0.0,0.0,0,0
1677ded1c6a24600bf5982e3f8e356fb0ec2af29,strapi,2026-03-30 16:43:43 +0300,Bassel Kanso,fix(homepage): render widgets progressively and batch permission checks (#25846),2,0,711,81,630,1,0,31,1,0,0,3,0,0,0,0,0,22,0,0,-1,0.0,-1,4,0.0,4,0.8,3.0,1,3
af6252cd64c22d43d8fb7afab7328c4ab1fabdc8,strapi,2026-03-30 13:29:09 +0100,mathildeleg,enhancement(content-manager): add documentid in listview and editview (#25759),9,4,263,30,233,1,0,7,0,0,1,0,0,0,0,0,1,0,0,0,-1,0.0,-1,3,0.0,1,0.5,1.0,1,3
d8f642cc68d36ae515aafb45510f01370312b815,strapi,2026-03-30 13:44:09 +0530,akash-dabhi-qed,fix(upload): allow upload of files with empty MIME type (#25844),2,0,27,1,26,0,0,0,0,0,0,0,0,0,0,0,0,0,0,0,-1,0.0,-1,4,0.0,1,0.0,0.0,0,0
c89195bced21c87f3c640423b3f38de0fdec3667,strapi,2026-03-30 09:51:30 +0200,Ben Irvin,test(api): add querylimit middleware test (#25765),1,0,140,0,140,0,0,8,0,0,0,0,0,0,0,0,0,0,0,0,-1,0.0,-1,4,0.0,2,0.0,0.0,0,2
cc6b0c661b13b038031728e4bab276103fa0c690,strapi,2026-03-30 09:39:46 +0200,Ben Irvin,fix: use max batch sizes per dialect (#25390),11,0,422,50,372,1,0,23,0,0,0,0,0,0,0,0,0,0,2,0,-1,0.0,-1,3,0.0,3,0.0,0.0,1,5
a833088c80e954d9a370abc9ba93ac641420376f,strapi,2026-03-23 14:10:30 +0100,Ben Irvin,test: fix toCTB typings (#25816),1,1,4,4,0,0,0,0,0,0,0,0,0,0,0,0,0,0,0,0,-1,0.0,-1,13,0.0,0,0.0,0.0,0,0
24c887eff684d20cce48418b351659183f947d26,strapi,2026-03-23 11:13:22 +0100,Ziyi,fix(document-service): re-insert cascade-deleted bidirectional relations (#25725),2,0,280,19,261,1,0,2,0,0,0,0,0,0,0,0,0,0,2,0,-1,0.0,-1,13,0.0,2,0.0,0.0,1,3
11d5842a2d86f0bdc3b8cf2412ae2343f998e40d,strapi,2026-03-23 10:53:03 +0100,Ziyi,fix(content-type-builder): default draftAndPublish to true in AI CTB (#25781),2,2,49,1,48,0,0,0,0,0,0,0,0,0,0,0,0,0,3,0,-1,0.0,-1,12,0.0,0,0.0,0.0,0,0
ed80b16a8e6ec3e228cc05ea2fa22555fb286b35,strapi,2026-03-19 13:13:38 +0000,Jamie Howard,test: enhance validation tests for repeatable components and dynamic zones (#25714),3,0,115,1,114,0,0,2,0,0,0,0,0,0,0,0,0,0,0,0,-1,0.0,-1,15,0.0,0,0.0,0.0,0,0
353a86a60deac91c7ba40ae51d1700d19056ef93,strapi,2026-03-19 13:44:02 +0100,Ben Irvin,"security: package upgrades to remove deprecated versions of boolean, tar, and glob (#25776)",21,0,230,55,175,1,0,4,0,0,0,0,0,0,0,0,0,0,-5,0,-1,0.0,-1,16,0.0,0,0.0,0.0,1,4
b487698e1056b0dafd7e91d5719d3bf89059bae7,strapi,2026-03-19 10:48:39 +0100,Adrien Foulon,fix: check devDependencies when resolving required admin deps (#22130),1,0,2,1,1,0,0,0,0,0,0,0,0,0,0,0,0,0,0,0,-1,0.0,-1,13,0.0,0,0.0,0.0,0,0
51127693839d09e7bf1f96190214a5c3746e70bf,strapi,2026-03-19 11:31:58 +0200,Daniil Barkov,enhancement: add customField parameter to extendFields (#22521),1,1,2,0,2,0,0,0,0,0,0,0,0,0,0,0,0,0,0,0,-1,0.0,-1,14,0.0,0,0.0,0.0,0,0
08c3b0f003d95f2a55bfaca0013766d083df8ef3,strapi,2026-03-18 15:48:54 +0100,Ziyi,"fix: Content types with attributes named filters, sort, fields, or populate no longer cause 400 validation errors on pop",3,0,154,6,148,0,0,6,0,0,0,0,0,0,0,0,0,0,0,0,-1,0.0,-1,12,0.0,2,0.0,0.0,0,2
d331f8fc3410497ab05360d66985087c7e06a9e1,strapi,2026-03-18 22:56:14 +0900,Shuhrat Dehkanov,fix(upload): row duplicate-key warning (#25670),2,2,19,6,13,0,0,0,0,0,0,0,0,0,0,0,0,0,0,1,-1,0.0,-1,12,0.0,1,0.0,0.0,0,2
d708498076dbf205f6f65b63f3ce496243704771,strapi,2026-03-18 12:36:55 +0100,Ben Irvin,fix(graphql): expose status and hasPublishedVersion on non–D&P root queries for nested relations (#25763),1,0,26,24,2,0,0,2,0,0,0,0,0,0,0,0,0,0,0,0,-1,0.0,-1,11,0.0,0,0.0,0.0,0,0
38049559a050e12a3badd727999e90c916da55a0,strapi,2026-03-18 12:34:39 +0100,Ben Irvin,fix: use strapi.fetch for remote uploads (#25661),3,0,211,96,115,1,0,11,0,0,0,0,0,0,0,0,0,0,0,0,-1,0.0,-1,10,0.0,0,0.0,0.0,1,5
a6fd594526e2f77009ede7900438e49ccafaeeb6,strapi,2026-03-17 16:28:37 +0000,Jamie Howard,Chore/cm combined performance fixes (#25678),9,1,332,133,199,1,0,15,0,0,0,0,0,0,0,0,0,0,1,0,-1,0.0,-1,10,0.0,2,0.0,0.0,1,5
e3b43de8613d22a6f8959e96bbfe750dabaa3820,strapi,2026-03-17 06:24:32 -0400,Kai Gritun,fix(upload): allow removal of file type filter in media library (#25399),2,2,136,39,97,0,0,0,0,0,0,0,0,0,0,0,0,0,1,0,-1,0.0,-1,10,0.0,0,0.0,0.0,0,0
8a47b48f8457d63031e910a4224579b9e7872d01,strapi,2026-03-16 16:33:23 +0100,Andrea Cappuccio,fix: formatErrorMessages array values formatting (#24196),2,2,244,26,218,1,0,5,0,0,0,0,0,0,0,0,0,0,1,0,-1,0.0,-1,13,0.0,0,0.0,0.0,1,4
87772468979602c6d26d2a43cbba5331c93b7ecd,strapi,2026-03-16 12:06:22 +0100,Nico André,"enhancement(core): remove beta on Document API, enforce deprecation on EntityService API (#25744)",4,0,30,14,16,0,0,1,0,0,0,0,0,0,0,0,0,0,0,0,-1,0.0,-1,12,0.0,0,0.0,0.0,0,0
45ea4b1c9bf56ddb64e45197b632459975efbfcc,strapi,2026-03-16 03:35:24 -0700,Varun Chawla,fix(content-manager): skip non-draftAndPublish relations in countDraftRelations (#25453),3,0,83,4,79,0,0,5,0,0,0,0,0,0,0,0,0,0,0,0,-1,0.0,-1,12,0.0,1,0.0,0.0,0,1
acd7af48c54afa53101646263ac9016e344563fe,strapi,2026-03-16 09:59:43 +0000,Jamie Howard,chore(content-manager): optimize relations handling in EditView component (#25683),1,1,27,19,8,0,0,0,0,0,1,1,0,0,1,0,0,0,0,0,-1,0.0,-1,12,0.0,0,2.0,3.0,0,-6
df7b8636483f51b0fec340bec1eb824851fb773b,strapi,2026-03-13 18:10:49 +0530,akash-dabhi-qed,enhancement: resolved filter editability on clicking filter tag (#24057),2,2,203,101,102,1,0,2,1,0,0,1,0,0,0,0,0,0,0,0,-1,0.0,-1,11,0.0,0,2.0,1.0,0,1
eaa80774a65bbd3384b00117ffa6b18bb8b65420,strapi,2026-03-13 12:00:22 +0200,Bassel Kanso,fix(content-manager): reduce excessive rerendering in components and dynamic zones (#25631),7,6,534,436,98,1,0,-2,0,0,15,1,0,0,8,0,4,0,1,0,-1,0.0,-1,11,0.0,7,2.0,24.0,0,1
ad0cb5e4949e7ff943d1c00513296e365b3f3d67,strapi,2026-03-12 14:43:58 +0100,markkaylor,chore(core): parallelize and cache dynamic zone populate (#25685),2,0,33,18,15,0,0,-1,0,0,0,0,0,0,0,0,0,0,0,0,-1,0.0,-1,16,0.0,0,0.0,0.0,0,0
8abad813640730c7ed219cb50b979ae8dcf9ee7c,strapi,2026-03-11 16:07:52 +0000,mathildeleg,fix: add maxwidth to documentactions menu (#25664),2,2,7,2,5,0,0,0,0,0,0,0,0,0,0,0,0,0,0,0,-1,0.0,-1,19,0.0,0,0.0,0.0,0,0
3f3dd6dc466167d3b351e15d00f163c721af5672,strapi,2026-03-11 09:01:07 -0500,calm,fix(i18n): show locale key in disabled select when editing locale (#25124),1,1,4,0,4,0,0,1,0,0,0,0,0,0,0,0,0,0,0,0,-1,0.0,-1,22,0.0,0,0.0,0.0,0,0
bf2b1cb6bfdf14eaca85eb11dd06f5a97a8a3c9d,strapi,2026-03-10 09:52:31 +0100,Nico André,ci: require milestones on develop PRs (#25688),3,0,84,14,70,0,0,-2359,0,0,0,0,0,0,0,0,0,6,0,0,-1,0.0,-1,22,0.0,0,0.0,0.0,0,1
25a3b96284d8c5cf784d96fbc664de1ea24c97bc,strapi,2026-03-09 17:43:47 +0100,Nico André,fix(admin): alias singleton frontend deps in vite (#25682),1,0,4,0,4,0,0,0,0,0,0,0,0,0,0,0,0,0,0,0,-1,0.0,-1,20,0.0,0,0.0,0.0,0,0
8653d530afa300af0ce1a7fa42988baf3579b7b3,strapi,2026-03-09 17:23:38 +0200,Bassel Kanso,fix(content-manager): reduce rerenders for conditional fields (#25617),5,3,303,23,280,1,0,21,1,0,2,2,0,0,0,0,0,0,5,0,-1,0.0,-1,19,0.0,2,1.6667,4.0,0,2
7530773d749a16b4aff92b4cd66e37371c45c1ae,strapi,2026-03-09 17:15:10 +0200,Bassel Kanso,fix(content-manager): reduce excessive rerendering in relation fields (#25623),2,1,314,275,39,1,0,0,0,0,1,2,0,0,3,0,0,1,0,0,-1,0.0,-1,18,0.0,3,0.75,6.0,0,-3
ff8912a54f45f4acbab2346edef23bde73569520,strapi,2026-03-09 19:43:38 +0530,Akash Santra,fix(openapi): correctly merge plugin router prefix with route paths (#25616),2,0,164,4,160,0,0,0,0,0,0,0,0,0,0,0,0,0,0,0,-1,0.0,-1,21,0.0,0,0.0,0.0,0,0
f4b925f298d42ecaba8e11645286956c071d21e4,strapi,2026-03-09 11:18:58 +0100,Ayoub Hidri,fix: typo 'compatability' to 'compatibility' in error messages (#25535),2,0,2,2,0,0,0,0,0,0,0,0,0,0,0,0,0,0,0,0,-1,0.0,-1,18,0.0,0,0.0,0.0,0,0
99fc9ca2098f43cc1ee7838e3f88c0203549d030,strapi,2026-03-09 04:21:34 -0400,Brandon Aaron,fix(content-manager): export ContentManagerPlugin type for plugin dev… (#24149),1,0,1,0,1,0,0,0,0,0,0,0,0,0,0,0,0,0,0,0,-1,0.0,-1,18,0.0,0,0.0,0.0,0,0
348e09e8019a62c931e91ad99b2f91d6a98243a6,strapi,2026-03-06 13:40:50 -0500,Owen Rossi-Keen,feat(content-manager): filter list view by publication status (#25510),5,1,299,6,293,1,0,18,0,0,0,0,0,0,0,0,0,0,1,0,-1,0.0,-1,17,0.0,0,0.0,0.0,1,5
25ea375b1bb32a31a5ba330ef3e4bb472124ca9f,strapi,2026-03-06 10:06:50 +0100,Adrien L,fix(content-releases): publish in right order to preserve relations (#25551),4,0,393,15,378,1,0,27,0,0,0,0,0,0,0,0,0,0,1,5,-1,0.0,-1,16,0.0,5,0.0,0.0,1,7
a208c2eb5eb6192c168ea541bde34faa1c8e8aaf,strapi,2026-03-05 16:51:31 +0100,jeanvier,fix(upload): add crossOrigin attribute to image preview (#24946),1,1,7,1,6,0,0,0,0,0,0,0,0,0,0,0,0,0,0,0,-1,0.0,-1,16,0.0,0,0.0,0.0,0,0
3ee39f86ed480e0f1a1a5da0e1233712d402fd81,strapi,2026-03-05 16:32:54 +0100,Gouttfi,feat: expand accordion by default when inserting a new component in a document (#24230),3,2,73,14,59,0,0,8,0,0,0,0,0,0,0,0,0,0,0,0,-1,0.0,-1,15,0.0,0,0.0,0.0,0,2
a2be8c63d187223ce8b1fa092e4b8705b150ad30,strapi,2026-03-05 15:36:30 +0100,Ben Irvin,test(front): fix flaky tests (#25651),8,5,81,69,12,0,0,2,0,0,0,0,0,0,0,0,0,0,0,0,-1,0.0,-1,13,0.0,0,0.0,0.0,0,2
a83e8818036ab9be05e12db07f74794f09740e4a,strapi,2026-03-05 15:15:31 +0100,markkaylor,fix(guided-tour): no overlay in dark mode (#25485),1,1,2,2,0,0,0,0,0,0,0,0,0,0,0,0,0,0,0,0,-1,0.0,-1,12,0.0,0,0.0,0.0,0,0
c55d569d9866c7ff77fc981f01b483627b780c9e,strapi,2026-03-05 08:11:19 -0500,Daniel Garcia,fix: single type publish permission error (#24754),2,0,19,4,15,0,0,2,0,0,0,0,0,0,0,0,0,0,0,0,-1,0.0,-1,12,0.0,0,0.0,0.0,0,0
149af9e5e129faef1e5326c785b2d929c5bc41f8,strapi,2026-03-05 13:20:27 +0100,Ben Irvin,chore: remove eslint-plugin-rxjs (#25612),2,0,1,3,-2,0,0,0,0,0,0,0,0,0,0,0,0,0,0,0,-1,0.0,-1,14,0.0,0,0.0,0.0,0,0
e2aec2401577ddf404d2fd1507e055e3cb2bba69,strapi,2026-03-05 12:13:37 +0100,Ben Irvin,chore: upgrade better-sqlite3  to 12.6.2 (#25611),1,0,1,1,0,0,0,0,0,0,0,0,0,0,0,0,0,0,0,0,-1,0.0,-1,13,0.0,0,0.0,0.0,0,0
7329e710157ed1521d97530d442866d1d8e03a26,strapi,2026-03-05 16:30:16 +0530,akash-dabhi-qed,fix: added shift+tab to blocks editors (#24122),3,3,76,2,74,0,0,9,0,0,0,0,0,0,0,0,0,0,0,0,-1,0.0,-1,14,0.0,0,0.0,0.0,0,2
93afa0d0b7c78c7dd0da0cc2f67f28a4c595bbd6,strapi,2026-03-05 10:59:54 +0100,Simon Norris,ci: add SonarQube config (#25460),6,0,137,8,129,0,0,4,0,0,0,0,0,0,0,0,0,0,0,0,-1,0.0,-1,13,0.0,0,0.0,0.0,0,1
d262dfad94848d660bdbc6be8be118b2e93a69a9,strapi,2026-03-04 15:25:50 +0100,Ben Irvin,chore: upgrade to glob 13 (#25610),8,0,8,16,-8,0,0,0,0,0,0,0,0,0,0,0,0,0,0,0,-1,0.0,-1,13,0.0,0,0.0,0.0,0,0
1a1975fef8092f29ce7ea79999dded57a517fa6b,strapi,2026-03-04 11:42:00 +0200,Bassel Kanso,fix(types): fix document findOne params (#25613),1,0,1,1,0,0,0,0,0,0,0,0,0,0,0,0,0,0,0,0,-1,0.0,-1,14,0.0,0,0.0,0.0,0,0
484b494b028490d098240e30104ee88bb44f8e7b,strapi,2026-03-04 10:39:09 +0100,Ben Irvin,security(upload): improve mimetype detection for uploads (#25177),9,0,1551,119,1432,1,0,43,0,0,0,0,0,0,0,0,0,1,6,3,-1,0.0,-1,13,0.0,3,0.0,0.0,1,7
fc085c631d89440004081528879503bf8ab11c26,strapi,2026-03-04 09:36:40 +0100,Nico André,chore(core/permissions): ensure engine properly merges conditions (#25569),1,0,68,0,68,0,0,0,0,0,0,0,0,0,0,0,0,0,0,0,-1,0.0,-1,12,0.0,0,0.0,0.0,0,0
20cfd106a4b2010a7e78f62cc9973f28e4a390c3,strapi,2026-03-03 17:13:26 +0100,Adrien L,fix: vite and webpack config when linking ds locally (#25530),4,0,72,12,60,0,0,5,0,0,0,0,0,0,0,0,0,0,7,0,-1,0.0,-1,12,0.0,1,0.0,0.0,0,1
919000fb3c8bfefa273b6b0646fe0808ab4bcc2f,strapi,2026-03-02 14:36:48 +0100,Schero D.,feat(content-manager): add relationOpenMode setting (modal/page/newTab) (#25433),8,2,129,35,94,0,0,2,0,0,0,0,0,0,0,0,1,0,1,0,-1,0.0,-1,15,0.0,1,0.0,0.0,0,0
ee8b1e3bd0b1261de81d42a763e4122caf773aed,strapi,2026-03-02 09:12:27 +0000,Tewson Seeoun,fix(types): add missing typing for proxy.koa config (#25575),1,0,1,0,1,0,0,0,0,0,0,0,0,0,0,0,0,0,0,0,-1,0.0,-1,14,0.0,0,0.0,0.0,0,0
c1b52ed675309686377ebcbab7fdf7c57213b2b7,strapi,2026-02-27 09:33:24 +0100,markkaylor,chore(upload): add import from url (#25496),13,3,1624,201,1423,1,0,85,0,2,0,0,0,0,0,0,4,2,14,0,-1,0.0,-1,14,0.0,4,0.4,0.0,1,8
d47749b15a719e0ded0fb94ab12f85e4c8cc87b1,strapi,2026-02-26 14:37:54 +0100,Bellian,fix(): document's ID type now supports numbers and strings (#25463),3,1,5,4,1,0,0,0,0,0,0,0,0,0,0,0,0,0,1,0,-1,0.0,-1,15,0.0,0,0.0,0.0,0,0
024a45babc116a40657e27a3017cfcb0cf5e8d93,strapi,2026-02-26 14:29:59 +0100,Jorrit Schippers,fix: folder subtitles for folders without assets or subfolders (#22694),2,1,2,2,0,0,0,0,0,0,0,0,0,0,0,0,0,0,0,0,-1,0.0,-1,14,0.0,0,0.0,0.0,0,0
e6ab4c9217547a7b27452bbbf8319cd4b6d2e176,strapi,2026-02-26 13:28:44 +0200,Bassel Kanso,fix(core): preserve component clone integrity in discard-drafts migration,2,0,138,28,110,0,0,11,0,0,0,0,0,0,0,0,0,2,0,0,-1,0.0,-1,13,0.0,0,0.0,0.0,1,3
34b9a58efb61c598706e8fcc3fdb328bff5d820f,strapi,2026-02-26 11:43:50 +0100,Altay Akkus,fix: add i18n for boolean cell values (#22314),1,1,10,1,9,0,0,1,0,0,0,0,0,0,0,0,0,0,0,0,-1,0.0,-1,12,0.0,0,0.0,0.0,0,0
4fe538996e4cea1d8aa66d91b222a40e0bc22b71,strapi,2026-02-25 17:35:06 +0000,Jamie Howard,Future media lib folder creation  (#25532),7,2,586,85,501,1,0,6,1,2,0,0,0,0,0,0,4,0,15,0,-1,0.0,-1,11,0.0,2,1.0,0.0,1,9
2d267b4a0f1f7d0d0d4fbb37f87b6b6df5a8b923,strapi,2026-02-25 11:53:14 -0500,Daniel Garcia,fix: markdown editor number list is created with wrong numbers (#24631),1,1,8,6,2,0,0,0,0,0,0,0,0,0,0,0,0,0,0,0,-1,0.0,-1,8,0.0,0,0.0,0.0,0,0
7786d4dcdeec90570cdc8c2473e62c6a15b72dd6,strapi,2026-02-25 17:34:56 +0100,Ben Irvin,fix: feature works and rename addBodyParams to addInputParams (#25552),22,0,194,194,0,0,0,-11,0,0,0,0,0,0,0,0,0,0,0,0,-1,0.0,-1,10,0.0,0,0.0,0.0,0,0
c4cea991ddde67bbf15243b98cd0f2d8fe834836,strapi,2026-02-25 14:16:56 +0100,Schero D.,feat(email-nodemailer): upgrade to Nodemailer v8 with advanced email features and Admin UI capabilities (#25392),13,0,2734,75,2659,1,0,221,0,0,0,0,0,0,0,0,1,3,5,0,-1,0.0,-1,9,0.0,1,0.0,0.0,1,6
903f4410edf2eb4d9fcb28490af36f676b19b386,strapi,2026-02-24 18:02:08 +0100,Adrien L,future(upload): asset details drawer (#25498),17,8,1330,118,1212,1,0,17,3,2,2,0,0,0,0,0,15,0,39,2,-1,0.0,-1,8,0.0,29,0.2333,0.4,1,10
39513fe20946deb238a4f9c556e7d9c401e29afd,strapi,2026-02-24 15:45:36 +0100,Ben Irvin,fix: universal polymorphic,3,0,201,68,133,1,0,19,0,0,0,0,0,0,0,0,0,0,0,0,-1,0.0,-1,7,0.0,0,0.0,0.0,1,5
f409776751dbfd3fe70ae1e706c04a9a794fda6e,strapi,2026-02-24 15:23:16 +0100,Ben Irvin,fix: polymorph media relations migrations,4,0,880,1,879,1,0,143,0,0,0,0,0,0,0,0,0,3,0,0,-1,0.0,-1,6,0.0,0,0.0,0.0,1,6
edcdb4221b562721f89b3190c00fd6a9434fe349,strapi,2026-02-24 15:06:13 +0100,Ayoub Hidri,fix: typo 'recieved' to 'received' across codebase (#25541),4,0,5,5,0,0,0,0,0,0,0,0,0,0,0,0,0,0,0,0,-1,0.0,-1,6,0.0,0,0.0,0.0,0,0
79a590a581fd8272fafe5644b39c108a3a192b67,strapi,2026-02-24 13:51:33 +0100,Ben Irvin,"security(feat): add strictParam, addQueryParams, addBodyParams  (#25528)",58,2,6726,181,6545,1,0,274,0,0,0,0,0,0,0,0,0,0,46,1,-1,0.0,-1,5,0.0,4,0.0,0.0,1,7
f3cd3c71c61b40fc223cc5763ac300261d3dff16,strapi,2026-02-20 15:39:06 +0100,Adrien L,fix: add design-system to config (#25435),2,0,17,1,16,0,0,0,0,0,0,0,0,0,0,0,0,0,0,0,-1,0.0,-1,9,0.0,0,0.0,0.0,0,0
d5083788f2a3b67b85c5b0da8561a129f29fa84b,strapi,2026-02-19 16:12:15 +0000,Jamie Howard,future(upload): folder list/grid view + navigation (#25468),13,3,682,31,651,1,0,8,0,0,0,0,0,0,0,0,4,0,24,0,-1,0.0,-1,10,0.0,7,0.0,0.0,1,7
fb954670feeb83f6673941adaab116f1b45cf7cd,strapi,2026-02-19 16:08:27 +0100,Adrien L,fix: layout page broken (#25501),1,0,1,0,1,0,0,0,0,0,0,0,0,0,0,0,0,0,0,0,-1,0.0,-1,10,0.0,0,0.0,0.0,0,0
062cd562d0b09991b8a21fc4a32ef3eee76d7c4a,strapi,2026-02-18 10:03:29 +0000,Ziyi,feat(): add hasPublishedVersion parameter for Document Service (#25292),13,0,906,12,894,1,0,36,0,0,0,0,0,0,0,0,0,0,7,0,-1,0.0,-1,13,0.0,0,0.0,0.0,1,5
77d88b074356da63c1174a40e3489034363086a4,strapi,2026-02-17 15:19:13 +0000,mathildeleg,enhancement: improve mobile ux of list view (#25366),6,4,275,229,46,1,0,0,0,0,0,0,0,0,0,0,3,0,2,0,-1,0.0,-1,14,0.0,1,0.0,0.0,1,3
126c2c347e50b7fe0e9133fe5d9df1df52e84db3,strapi,2026-02-17 12:09:55 +0000,mathildeleg,fix: improve subnav on mobile so it works with banner (#25450),3,2,13,11,2,0,0,0,0,0,0,0,0,0,0,0,0,0,0,0,-1,0.0,-1,13,0.0,0,0.0,0.0,0,0
761c7ba090a9d8f5f1e2f96f0b09e93b5ab7f64b,strapi,2026-02-16 10:59:17 -0500,Eric Ferreira,Fix placeholder/default issues in color picker custom field (#23855),2,2,11,4,7,0,0,2,0,0,0,0,0,0,0,0,0,0,0,0,-1,0.0,-1,16,0.0,0,0.0,0.0,0,0
cf7633da6bfbf1e913857d71590cf9c01b159ebc,strapi,2026-02-16 15:48:34 +0100,markkaylor,future(upload): small chores (#25470),5,2,182,178,4,0,0,-1,1,1,0,0,0,0,0,0,1,0,0,0,-1,0.0,-1,15,0.0,0,2.0,0.0,0,2
10956101955b3a848383af12a25e08bb18272082,strapi,2026-02-16 11:03:04 +0000,Jamie Howard,fix(history): improve error handling and batch deletion in cron jobs (#25425),3,0,30,9,21,0,0,0,0,0,0,0,0,0,0,0,0,0,0,1,-1,0.0,-1,17,0.0,1,0.0,0.0,0,2
e5475e965ebee98a8b25d9315d522dbbe2c00942,strapi,2026-02-13 15:23:15 +0100,markkaylor,future(upload): add upload progress dialog (#25378),16,2,1851,98,1753,1,0,91,0,0,0,0,0,0,0,0,0,1,25,0,-1,0.0,-1,15,0.0,15,0.0,0.0,1,5
b4c634335fa468f63d260d62825ec93c09e543a9,strapi,2026-02-13 18:30:40 +0530,SARGUNESH S V,fix: handle undefined tours property (#25290),4,4,85,3,82,0,0,5,0,0,0,0,0,0,0,0,0,0,0,0,-1,0.0,-1,16,0.0,0,0.0,0.0,0,1
6c7927ed7516e3d4b70a568d1688707c136b90d7,strapi,2026-02-13 11:01:14 +0100,Ben Irvin,test(api): remove the expiresin warnings (again) (#25440),2,0,27,11,16,0,0,1,0,0,0,0,0,0,0,0,0,0,0,2,-1,0.0,-1,15,0.0,2,0.0,0.0,0,2
31993527c12f45a9812779b9cdeb2606323c29d2,strapi,2026-02-12 16:10:39 +0100,Nico André,chore(*/vitest): introduce Vitest and vitest-config package (#25286),7,0,71,14,57,0,0,2,0,0,0,0,0,0,0,0,0,0,7,0,-1,0.0,-1,14,0.0,0,0.0,0.0,0,0
ea0cb187270706aa52c5121c3f082ee3d24b6abf,strapi,2026-02-12 11:30:29 +0000,Jamie Howard,future(upload): infinite asset loading (#25397),3,0,359,9,350,1,0,8,1,1,2,1,0,0,0,0,0,0,7,1,-1,0.0,-1,13,0.0,2,1.6667,1.5,1,5
bf72b0ec4300433304f9701b33c8339add47bef1,strapi,2026-02-11 16:30:17 +0100,Ben Irvin,security: update react-router (#25391),4,1,54,29,25,0,0,0,0,0,0,0,1,0,0,0,0,0,0,0,-1,0.0,-1,13,0.0,0,1.0,0.0,0,0
884a7a32a8a4a76091a81c0c29c820846dea32b9,strapi,2026-02-11 11:18:34 +0100,Florent Baldino,chore: add --no-build-admin option to 'strapi develop' command (#25415),2,0,5,1,4,0,0,1,0,0,0,0,0,0,0,0,0,0,0,0,-1,0.0,-1,13,0.0,0,0.0,0.0,0,0
1500b7cec6671c8c6571b7c887038702d566079b,strapi,2026-02-11 10:59:03 +0100,Ben Irvin,security: upgrade to tar 7 (#25380),8,0,299,60,239,1,0,10,0,0,0,0,0,0,0,0,0,1,1,1,-1,0.0,-1,12,0.0,3,0.0,0.0,1,7
7b8864b7d7d4c3b35f74dbae192941b0ed78c4dc,strapi,2026-02-11 09:49:07 +0000,Simen,fix(core): handle negative and zero min/max validation for number fields (#25409),3,0,128,7,121,0,0,8,0,0,0,0,0,0,0,0,0,0,0,0,-1,0.0,-1,11,0.0,0,0.0,0.0,0,2
eac316c672390ecdf839b7277a843cb71d2c72ff,strapi,2026-02-10 17:56:47 +0100,Ben Irvin,test(front): auto-wrap act; fix rerender with stable data router and auto-wrap act (#25410),5,0,129,80,49,0,0,4,0,0,0,0,1,0,0,0,0,0,1,0,-1,0.0,-1,10,0.0,2,0.3333,0.0,0,1
21c6eb232471b9ee4037204d032ad5fa42479c4e,strapi,2026-02-10 11:34:33 +0200,Bassel Kanso,fix(migrations): speed up discard-drafts with bulk batches  (#25293),4,0,2865,109,2756,1,0,357,0,0,0,0,0,0,0,0,0,1,2,0,-1,0.0,-1,13,0.0,4,0.0,0.0,1,5
a4a53fd30626959d9711b5967e3c51e0b3b5b1c0,strapi,2026-02-09 16:51:58 +0100,Schero D.,feat(upload-aws-s3): add extended configuration for S3-compatible providers (#25263),4,0,1729,50,1679,1,0,63,0,0,0,0,0,0,0,0,0,0,1,0,-1,0.0,-1,13,0.0,0,0.0,0.0,1,5
3a6698c92309f1a024ad393f8a0f76e2c297c6bd,strapi,2026-02-09 15:02:36 +0000,Jamie Howard,future: implement grid view media library (#25365),10,2,615,163,452,1,0,16,0,0,0,0,0,0,0,0,0,0,21,3,-1,0.0,-1,9,0.0,11,0.0,0.0,1,7
74acf72e87294e80b9b212dcf11811a18dfdb217,strapi,2026-02-09 15:42:17 +0100,Nico André,test(admin): keep memory router stable across rerenders (#25291),1,0,119,105,14,0,0,4,0,0,0,0,0,0,0,0,0,0,0,0,-1,0.0,-1,11,0.0,0,0.0,0.0,0,1
d09f1af5772456ffa3f770c4077caca7188ab040,strapi,2026-02-09 15:34:55 +0100,mathildeleg,enhancement: improve mobile design for edit view forms (#25320),9,8,50,48,2,0,0,0,0,0,0,0,0,0,0,0,0,0,0,0,-1,0.0,-1,10,0.0,0,0.0,0.0,0,2
fe4e6d880f39786fe2da1bdf78ea4661cba94294,strapi,2026-02-09 15:53:11 +0200,Andrei L,fix(preview-config): allow and await for async handler (#25396),2,0,5,2,3,0,0,0,0,0,0,0,0,0,0,0,0,0,0,0,-1,0.0,-1,12,0.0,0,0.0,0.0,0,0
4d52f2a5f577771e17fbc2d63fefae6cf1ee550f,strapi,2026-02-06 19:15:44 +0100,Adrien L,future(upload): dnd upload file (#25364),8,5,500,134,366,1,0,11,2,2,4,0,1,0,0,0,1,0,10,0,-1,0.0,-1,8,0.0,7,1.125,1.0,1,5
6023dd3515d3a9e9b473aef92cf2d517b4d0c49c,strapi,2026-02-06 14:05:52 +0100,Adrien L,fix: scrolling in sidenav also scroll content (#25379),1,1,1,0,1,0,0,0,0,0,0,0,0,0,0,0,0,0,0,0,-1,0.0,-1,7,0.0,0,0.0,0.0,0,0
f7ec7455688335d508b54389dbe9fa713a7bbbae,strapi,2026-02-05 05:20:04 -0800,Paul Bratslavsky,enhancement(create-strapi-app): add --non-interactive mode for CI and scripts (#25373),3,0,45,19,26,0,0,-1,0,0,0,0,0,0,0,0,0,0,0,0,-1,0.0,-1,6,0.0,0,0.0,0.0,0,0
c0c0f90667567683321fcace9aa9509c3572385f,strapi,2026-02-04 13:58:26 +0100,Marian Vonsien,feat: persistent list view settings (#24246),8,1,308,69,239,1,0,18,4,0,0,1,0,0,0,0,0,0,8,0,-1,0.0,-1,5,0.0,0,5.0,0.25,1,4
cff45c3624b7624777a0c7a5446a72037c5b5395,strapi,2026-02-03 17:23:04 +0100,Adrien L,fix: responsive drawer for content history (#25344),9,6,250,130,120,1,0,1,0,0,0,0,0,0,0,0,0,0,1,0,-1,0.0,-1,3,0.0,2,0.0,0.0,1,5
deacf1e97fdce6398bb4f89c30d953e89ffeb54f,strapi,2026-02-03 17:50:11 +0200,Andrei L,feat(strapi/create): type strapi configs (#21859),36,0,158,40,118,0,0,0,0,0,0,0,0,0,0,0,0,0,34,0,-1,0.0,-1,4,0.0,0,0.0,0.0,0,0
d11d6c8a6021d9956aff6e9bdcbab08ccf3b42cc,strapi,2026-02-03 15:30:59 +0000,Jamie Howard,future: implement assetlist component table view (#25297),13,2,834,121,713,1,0,23,0,0,0,0,0,0,0,0,1,0,26,2,-1,0.0,-1,2,0.0,15,0.0,0.0,1,7
e7a517ce6933fa4adb15447ed23bd52636b191c2,strapi,2026-02-03 10:57:53 +0000,Enrique Carpintero,fix(upload-aws-s3): use baseUrl even if upload location lacks protocol (#23400),2,0,101,27,74,0,0,3,0,0,0,0,0,0,0,0,0,0,0,0,-1,0.0,-1,0,0.0,0,0.0,0.0,0,1
aee79cbd273dcc44629549be14cc6ebd5248a128,strapi,2026-02-03 11:44:38 +0100,Ben Irvin,test(api): use jwt default options instead of expiresIn (#25303),2,0,75,1,74,0,0,3,0,0,0,0,0,0,0,0,0,0,0,0,-1,0.0,-1,1,0.0,0,0.0,0.0,0,1
246a55e9e712d624bc7c7a8c0f64a2704969ee1f,grafana,2026-04-07 11:19:07 -0400,Rodrigo Vasconcelos de Barros,"Revert ""Alerting: Managed routes access control UI"" (#122030)",15,9,38,795,-757,0,0,-6,0,0,0,0,0,0,0,0,0,0,-11,0,-1,0.0,-1,116,0.0,-1,0.0,0.0,0,1
c374e6bccdf61c7450c1ed403d2e6a28c19bcdba,grafana,2026-04-07 09:14:59 -0500,Adela Almasan,Timeseries: Update unit tests (#121960),2,0,561,31,530,1,0,22,0,0,0,0,0,0,0,0,0,0,5,0,-1,0.0,-1,111,0.0,0,0.0,0.0,1,5
d1e243ebe0dfe926c73c3428652443f6a3697d9c,grafana,2026-04-07 15:04:31 +0100,Ashley Harrison,Chore: Replace remaining `aria-label` selectors (#121784),41,15,150,109,41,0,0,0,0,0,0,0,0,0,0,0,0,0,5,0,-1,0.0,-1,118,0.0,0,0.0,0.0,0,2
0d2d57dad7e04886695d0ce1199d7ac8d118b0b8,grafana,2026-04-07 10:03:08 -0400,Paul Marbach,feat(featuremgmt): add groupToNestedTableV2 feature toggle (#121562),1,0,5,0,5,0,0,1,0,0,0,0,0,0,0,0,0,0,0,0,-1,0.0,-1,112,0.0,0,0.0,0.0,0,0
b6015acfb098192bdadfd43bd84b4ebf059e99eb,grafana,2026-04-07 15:26:19 +0200,Ihor Yeromin,Transformers: Fix organize fields layout on small screens (#121942),1,0,13,3,10,0,0,0,0,0,0,0,0,0,0,0,0,0,0,0,-1,0.0,-1,119,0.0,0,0.0,0.0,0,0
4774ae1bdb10a942cccdda030e7ca759dae928b2,grafana,2026-04-07 13:37:14 +0100,Lauren,Alerting: Alert activity UI improvements part 3 (#121790),15,0,363,203,160,1,0,10,0,0,0,0,0,0,0,0,0,0,2,0,-1,0.0,-1,117,0.0,3,0.0,0.0,1,5
77655be72dab70f4a69a7b24da77e735ad903fef,grafana,2026-04-07 10:44:32 +0100,Lauren,Alerting: Move filters to sidebar alerts activity (#121577),9,0,499,21,478,1,0,27,0,0,0,0,0,0,0,0,2,0,13,0,-1,0.0,-1,115,0.0,5,0.0,0.0,1,5
14a9f54595c0c220374397df5cc7096d3681e222,grafana,2026-04-07 02:13:42 -0700,Krishna Chaitanya,Tempo: Fix Ctrl+/ comment toggle in TraceQL editor (#121460),2,0,9,0,9,0,0,1,0,0,0,0,0,0,0,0,0,0,0,0,-1,0.0,-1,110,0.0,0,0.0,0.0,0,0
c5572e60347881603e643fabc85ce5b7b67160b1,grafana,2026-04-07 10:43:46 +0200,Torkel Ödegaard,Dashbord: Simplify element selection code  (#121827),32,0,279,497,-218,1,0,-3,1,0,0,2,0,0,0,0,2,0,-8,0,-1,0.0,-1,114,0.0,0,3.0,2.0,0,-1
2f56cf13728c1475c272ba16aba943a40e9e0119,grafana,2026-04-07 10:34:05 +0200,Marc M.,test: Follow-up prevent E2E flakiness (ad hoc vars) (#121860),1,0,3,0,3,0,0,0,0,0,0,0,0,0,0,0,0,0,0,0,-1,0.0,-1,113,0.0,0,0.0,0.0,0,0
fdfdc160b3ba5af86ded256b52eace8364e16648,grafana,2026-04-06 14:43:06 -0500,Galen Kistler,TimeCompare: Fix timeCompare not getting pulled in from dashboard model (#121894),2,0,33,2,31,0,0,1,0,0,0,0,0,0,0,0,0,0,1,0,-1,0.0,-1,106,0.0,0,0.0,0.0,0,0
bcca6eb9533af2185fc2a5234c4e9658c7ce76ca,grafana,2026-04-06 14:47:27 -0400,Rodrigo Vasconcelos de Barros,"Revert ""Alerting: Migrate notifications.alerting.grafana.app from v0alpha1 to v1beta1"" (#121955)",67,19,115,116,-1,0,0,0,0,0,0,0,0,0,0,0,0,0,0,0,-1,0.0,-1,107,0.0,0,0.0,0.0,0,2
9faf51ca578b488a9a110bd2e6903dcaf4e3017d,grafana,2026-04-06 12:57:10 -0500,Paul Marbach,XYChart: E2E tests (#120640),8,3,153,29,124,0,0,0,0,0,0,1,0,0,0,0,0,0,4,0,-1,0.0,-1,104,0.0,1,0.5,1.0,0,-2
f933bba4779c84aecd75c4d2f22afea1d14c339f,grafana,2026-04-06 19:13:49 +0200,Laura Fernández,Analytics Framework: Create ESlint rules (#121345),7,3,287,17,270,1,0,9,0,0,0,0,0,0,0,0,0,0,7,4,-1,0.0,-1,109,0.0,6,0.0,0.0,1,7
1a8144d31db8204d6ff845696648bbb82eb3ab48,grafana,2026-04-06 17:50:07 +0200,Ihor Yeromin,fix(splash-screen): always open CTA links in new tab (#121949),1,1,3,9,-6,0,0,0,0,0,0,0,0,0,0,0,0,0,0,0,-1,0.0,-1,108,0.0,0,0.0,0.0,0,0
94fb0a8e3d842ba21c1a4af37346308202d48304,grafana,2026-04-06 10:32:51 -0500,Galen Kistler,Histogram: Test coverage (#121859),5,0,1404,0,1404,1,0,33,0,0,0,0,0,0,0,0,0,0,21,0,-1,0.0,-1,103,0.0,1,0.0,0.0,1,5
1a78ea8840eb688fa6ea02f8d1a16413978f75fc,grafana,2026-04-06 09:52:30 -0500,Galen Kistler,Selectors: Add plot selectors (#121858),2,1,25,3,22,0,0,0,0,0,0,0,0,0,0,0,0,0,1,0,-1,0.0,-1,101,0.0,0,0.0,0.0,0,0
be3b909e4ac9078bc23f6329952ca4c809924cb9,grafana,2026-04-06 10:26:50 -0400,Lucy Chen,Feature Toggles: Add cacheConfigUnifiedStorageMigration feature flag (#121870),1,0,5,0,5,0,0,0,0,0,0,0,0,0,0,0,0,0,0,0,-1,0.0,-1,102,0.0,0,0.0,0.0,0,0
395ed163dff9d530f987f39826fbdc9c6348d4ca,grafana,2026-04-06 13:15:29 +0200,Ihor Yeromin,Splash Screen: Add role-based CTA links with UTM tracking (#121928),3,3,59,13,46,0,0,3,0,0,0,0,0,0,0,0,0,0,1,0,-1,0.0,-1,105,0.0,1,0.0,0.0,0,1
0ecaea1db749103ed32470d7779ec34c2fcf0708,grafana,2026-04-04 11:46:11 +0100,Josh Hunt,"Revert ""UI: Automatically update theme when OS theme changes (#117195)"" (#121887)",4,0,0,155,-155,0,0,-9,0,0,0,0,0,0,0,0,0,0,-14,0,-1,0.0,-1,100,0.0,-1,0.0,0.0,0,-1
c654a6327e397fd22e4b49fe88214b623c1277fe,grafana,2026-04-03 22:07:08 -0400,Michael Mandrus,Analytics: Remove dashboard and data source ID (#121326),12,0,1,27,-26,0,0,-1,0,0,0,0,0,0,0,0,0,0,0,0,-1,0.0,-1,99,0.0,0,0.0,0.0,0,0
fdbdd220dce3bc60235fa465d8e6615ba5ef388c,grafana,2026-04-03 15:06:32 -0400,Moustafa Baiou,Alerting: Remove `kubernetesAlertingRules` feature flag (#121799),1,0,0,5,-5,0,0,-1,0,0,0,0,0,0,0,0,0,0,0,0,-1,0.0,-1,91,0.0,0,0.0,0.0,0,0
f28330a78ba0c22838e830fa5c7a245924da0835,grafana,2026-04-03 13:42:39 -0500,Adela Almasan,Presets: Add E2E tests (#121855),1,0,340,0,340,1,0,15,0,0,0,0,0,0,0,0,0,0,2,0,-1,0.0,-1,89,0.0,3,0.0,0.0,1,5
3005093e4852be6a0fcd7f539a02bc0b003e787e,grafana,2026-04-03 13:23:48 -0500,Leon Sorokin,CI: Add plugin name to frontend asset size metrics (#121792),1,0,26,13,13,0,0,1,0,0,0,0,0,0,0,0,0,0,0,0,-1,0.0,-1,87,0.0,1,0.0,0.0,0,0
cc6193f554d499e9c2e9cfc2fd0325ab495ebe19,grafana,2026-04-03 12:42:07 -0500,Andrew Hackmann,Prometheus: Prom Azure and AWS deprecate the feature flag (#121862),1,0,2,1,1,0,0,0,0,0,0,0,0,0,0,0,0,0,0,0,-1,0.0,-1,85,0.0,0,0.0,0.0,0,0
f887733a0349aab9761994d31f9bbaeb23bbc3a7,grafana,2026-04-03 17:09:53 +0200,Ihor Yeromin,Splash Screen: Enable splashScreen flag by default for OSS (#121647),1,0,1,1,0,0,0,0,0,0,0,0,0,0,0,0,0,0,0,0,-1,0.0,-1,97,0.0,0,0.0,0.0,0,0
cc97ce25865f7f99294b75b864f3c69511f9a629,grafana,2026-04-03 11:06:54 -0400,mary-sitzenstatter,"Splash Screen: Update copy, theme tokens, and hero images (#121794)",4,4,188,162,26,0,0,2,0,0,0,0,0,0,0,0,0,0,3,0,-1,0.0,-1,83,0.0,0,0.0,0.0,0,0
fa960ca0bb59eceefbfc5ede9de544064a42ca4a,grafana,2026-04-03 17:02:36 +0200,Marc M.,test: Prevent E2E flakiness (ad hoc vars) (#121853),1,0,1,0,1,0,0,0,0,0,0,0,0,0,0,0,0,0,0,0,-1,0.0,-1,95,0.0,0,0.0,0.0,0,0
cc328ecfea08e76b836180a864244b0f54b44791,grafana,2026-04-03 17:56:36 +0300,Bogdan Matei,Dashboard: Add margin between datasource and query editor (#121849),2,1,3,2,1,0,0,0,0,0,0,0,0,0,0,0,0,0,0,0,-1,0.0,-1,98,0.0,0,0.0,0.0,0,0
0581ed614fb429d3d253617414c4c599e60770c7,grafana,2026-04-03 16:46:03 +0200,Marc M.,test: Prevent tests to fail when multiple toasts are displayed after saving a dashboard (#121852),1,0,3,2,1,0,0,0,0,0,0,0,0,0,0,0,0,0,0,0,-1,0.0,-1,93,0.0,0,0.0,0.0,0,0
58991685228d6b687773f2bba3330f4c6c4ef76a,grafana,2026-04-03 10:06:34 -0400,Collin Fingar,Feature Toggle: Update new unconfigured panel ft default (#121773),1,0,1,1,0,0,0,0,0,0,0,0,0,0,0,0,0,0,0,0,-1,0.0,-1,81,0.0,0,0.0,0.0,0,0
f8eb64c8bd4e252d72ac2b1a6e7ec40fc3974982,grafana,2026-04-03 10:05:02 -0400,Collin Fingar,Share Externally: Skip flaky test (#121844),1,0,1,1,0,0,0,0,0,0,0,0,0,0,0,0,0,0,0,0,-1,0.0,-1,80,0.0,0,0.0,0.0,0,0
f3cc9997433dec2149a995d026417eabfaef5b34,grafana,2026-04-03 17:04:02 +0300,Bogdan Matei,Dashboard: Graduate Dynamic Dashboards to GA (#121836),8,0,15,2,13,0,0,0,0,0,0,0,0,0,0,0,0,0,0,0,-1,0.0,-1,96,0.0,0,0.0,0.0,0,0
c9635a78f2f4e2a1028be7f2a45c1d457a90e202,grafana,2026-04-03 16:55:28 +0300,Bogdan Matei,Dashboard: Fix panels being lost when dropped between tab headers (#121743),2,0,239,12,227,1,0,35,0,0,0,0,0,0,0,0,0,0,0,0,-1,0.0,-1,94,0.0,0,0.0,0.0,1,5
b29635c8a99f00cd1cb337dd3168ed2b74eac87d,grafana,2026-04-03 06:51:53 -0700,V Govindarajan,Accessibility: Colorblind safe color palette for visualizations (#121385),4,2,90,11,79,0,0,1,0,0,0,0,0,0,0,0,0,0,3,0,-1,0.0,-1,77,0.0,0,0.0,0.0,0,0
1eb4e5234406e97afcb6acbf4d07fbba52b24bd4,grafana,2026-04-03 08:16:12 -0500,Paul Marbach,Annotations: Region clustering - e2e (#121673),1,0,81,12,69,0,0,0,0,0,0,0,0,0,0,0,0,0,0,0,-1,0.0,-1,78,0.0,1,0.0,0.0,0,0
207a5231fe5c0f353ac8527bbabf04ddf70a4726,grafana,2026-04-03 15:51:39 +0300,Victor Marin,Filters: Adapt non applicability to unified filters experience (#121085),7,0,88,74,14,0,0,-3,0,0,0,0,0,0,0,0,0,0,0,0,-1,0.0,-1,92,0.0,0,0.0,0.0,0,0
741a9b4fdc6e53d17f9ce929a5630a1e2bd6abb2,grafana,2026-04-03 13:26:47 +0200,Daniele Stefano Ferru,Provisioning: Enable folder metadata by default (#121833),1,0,1,1,0,0,0,0,0,0,0,0,0,0,0,0,0,0,0,0,-1,0.0,-1,88,0.0,0,0.0,0.0,0,0
55585508a731357637acc446845708b06e385cee,grafana,2026-04-03 13:12:22 +0300,Bogdan Matei,Dashboard: Fix scroll overflow in Add edit pane (#121835),1,0,92,81,11,0,0,0,0,0,0,0,0,0,0,0,2,0,0,0,-1,0.0,-1,86,0.0,0,0.0,0.0,0,0
9b35e72c53b620155d8818987d50129498128bf6,grafana,2026-04-03 12:04:26 +0200,Ihor Yeromin,Splash Screen: Add unit tests (#121769),2,2,103,0,103,0,0,0,0,0,0,0,0,0,0,0,0,0,6,0,-1,0.0,-1,84,0.0,0,0.0,0.0,0,0
bb155d31ad76f7fbb6e0244546de436e56ce31e7,grafana,2026-04-03 10:10:36 +0100,Daniel Ken Lee,OpenAPI: Regenerate report settings schema for footer fields (#121175),1,0,10,0,10,0,0,0,0,0,0,0,0,0,0,0,0,0,0,0,-1,0.0,-1,82,0.0,0,0.0,0.0,0,0
c005887851866a611db430ff7718a83cb5cd5416,grafana,2026-04-03 14:28:58 +0530,Harshada Gawas,Fix: repeated panels now respect conditional rendering for non-repeat variables (#120599),2,0,272,3,269,1,0,1,0,0,0,0,0,0,0,0,0,0,2,0,-1,0.0,-1,90,0.0,0,0.0,0.0,1,3
f9d4f96685bacb660eb3e6d4c5a216715e3e37c8,grafana,2026-04-03 09:56:00 +0100,Daniel Ken Lee,FeatureToggles: Add reportingFooterSettings (#121174),1,0,5,0,5,0,0,1,0,0,0,0,0,0,0,0,0,0,0,0,-1,0.0,-1,79,0.0,0,0.0,0.0,0,0
cb68947fd12adaf65dc9512dcea85aa3a50e15eb,grafana,2026-04-02 15:27:20 -0700,Drew Slobodnjak,PanelStyles: Extend support to other panels (#121510),3,0,528,66,462,1,0,10,0,0,0,0,0,0,0,0,0,0,0,0,-1,0.0,-1,61,0.0,0,0.0,0.0,1,5
0f996814b7c70bb12d708ad4a165ef982d7fe5c5,grafana,2026-04-02 15:44:40 -0500,Galen Kistler,FeatureToggle: add enableColorblindSafePanelOptions  (#121783),1,0,5,0,5,0,0,1,0,0,0,0,0,0,0,0,0,0,0,0,-1,0.0,-1,63,0.0,0,0.0,0.0,0,0
3b2058b428a01b0b8b71c8f45e609bcf1f65c85c,grafana,2026-04-02 22:20:21 +0200,Gilles De Mey,Alerting: Promote feature toggles for Grafana 13 (#121786),17,1,136,311,-175,0,0,-7,0,0,0,0,0,0,0,0,0,0,-14,0,-1,0.0,-1,76,0.0,-2,0.0,0.0,0,-1
9f1d40eee15484180be1675beca7446d77423eee,grafana,2026-04-02 15:10:25 -0500,Leon Sorokin,FeatureToggles: Hook up clearPreviousFieldValues (#120190),2,0,6,0,6,0,0,0,0,0,0,0,0,0,0,0,0,0,0,0,-1,0.0,-1,60,0.0,0,0.0,0.0,0,0
2b4009a7c881b2eaabdb9400281b82ef027cbe06,grafana,2026-04-02 15:37:49 -0400,Kristina Demeshchik,chore: bump scenes (#121791),2,0,3,1,2,0,0,0,0,0,0,0,0,0,0,0,0,0,0,0,-1,0.0,-1,62,0.0,0,0.0,0.0,0,0
86415a6e6558ab3c2f8675701ad49b4f67777739,grafana,2026-04-02 12:40:04 -0500,colin-stuart,IAM: implement the k8s redirect for the Search Teams endpoint (at service-level) (#121570),1,0,1,1,0,0,0,0,0,0,0,0,0,0,0,0,0,0,0,0,-1,0.0,-1,52,0.0,0,0.0,0.0,0,0
ef1ab9b55721d1f05068ed3483d506fce60229bf,grafana,2026-04-02 13:30:43 -0400,Rodrigo Vasconcelos de Barros,Alerting: Managed routes access control UI (#121652),15,9,795,38,757,1,0,6,0,1,0,0,0,0,0,0,1,0,11,0,-1,0.0,-1,54,0.0,1,0.5,0.0,1,7
b2e3a523bdbe592a126b65c40233116dc74656b3,grafana,2026-04-02 20:20:01 +0300,Alex Khomenko,Provisioning: Add polling fallback when WebSocket watch streams are unavailable (#121775),7,0,588,54,534,1,0,27,0,0,0,0,0,0,0,0,0,2,6,0,-1,0.0,-1,74,0.0,0,0.0,0.0,1,6
6c69e48c269c451511f061c3e0378522d8e50fd3,grafana,2026-04-02 19:03:46 +0200,Torkel Ödegaard,Dashboard: Simplify variable change (#121727),6,1,62,79,-17,0,0,-2,0,0,0,0,0,0,0,0,1,0,0,0,-1,0.0,-1,73,0.0,0,0.0,0.0,0,0
5dd7b1d02491b3d54c12870e490c122c9bac5645,grafana,2026-04-02 18:12:07 +0200,Matias Chomicki,OTel logs formatting: Added support for dot-separated label names (#121671),2,2,43,2,41,0,0,0,0,0,0,0,0,0,0,0,0,0,0,0,-1,0.0,-1,70,0.0,0,0.0,0.0,0,0
795d860b4d9fa00d83e99bd68efe7d32c0953979,grafana,2026-04-02 09:06:54 -0700,Drew Slobodnjak,PanelStyles: Extend to core panels (#121670),3,0,540,17,523,1,0,18,0,0,0,0,0,0,0,0,0,0,0,0,-1,0.0,-1,37,0.0,0,0.0,0.0,1,5
45b12bbc762f8f92459ed63d39b81aa263f44a20,grafana,2026-04-02 16:57:02 +0100,Sergej-Vlasov,Dashboards: Remove dashboardScene feature toggle usage (#121431),25,2,69,607,-538,0,0,-15,0,0,0,0,0,0,0,0,3,1,-11,0,-1,0.0,-1,67,0.0,-2,0.0,0.0,0,-1
51819cf82dd856b60d4e4fc7bb6d87d256b4cb9f,grafana,2026-04-02 17:55:55 +0200,Marc M.,test: Prevent retried E2E tests to fail (#121778),1,0,2,2,0,0,0,0,0,0,0,0,0,0,0,0,0,0,0,0,-1,0.0,-1,69,0.0,0,0.0,0.0,0,0
2281978edd4ece9b0b9dea1c8d16dd8959511e04,grafana,2026-04-02 18:47:02 +0300,Alex Khomenko,Folders: Fix double-slash URL for non-Latin folder titles (#121741),2,0,52,5,47,0,0,0,0,0,0,0,0,0,0,0,0,0,0,0,-1,0.0,-1,72,0.0,0,0.0,0.0,0,0
d6cf53bb4d46608fca0c1bc78302065e60902c32,grafana,2026-04-02 17:45:02 +0200,Ivan Torres,Chore: Replace trivial lodash functions with native equivalents in grafana-ui (#117619),17,15,61,60,1,0,0,0,0,0,0,0,0,0,0,0,0,0,-12,0,-1,0.0,-1,68,0.0,0,0.0,0.0,0,2
d38a8c729aa2c87d42305213cbabb2de2a1f25a5,grafana,2026-04-02 21:12:39 +0530,Divyam Upadhyay,UI: Automatically update theme when OS theme changes (#117195),4,0,155,0,155,0,0,9,1,0,0,0,0,0,0,0,0,0,14,0,-1,0.0,-1,75,0.0,1,0.5,0.0,1,4
78fd690aa4609f1b8d5ea97ccebc6e0e7d51b770,grafana,2026-04-02 11:27:25 -0400,Kristina Demeshchik,Dashboards: Hide save button for users without save permissions in new layout (#120841),7,0,121,19,102,0,0,1,0,0,0,0,0,0,0,0,0,0,2,0,-1,0.0,-1,49,0.0,0,0.0,0.0,0,0
5c21d55b7c6bf473938220b8b0431c9df4dff4c2,grafana,2026-04-02 11:19:33 -0400,Collin Fingar,Dashboard + Saved Queries: Unconfigured Panel Redesign (#121089),9,0,1507,16,1491,1,0,26,2,3,0,0,0,0,0,0,3,0,49,0,-1,0.0,-1,48,0.0,9,0.5,0.0,1,8
a89f2ecf97b5f3822f76d8cbb418de320967c11b,grafana,2026-04-02 18:15:05 +0300,Alex Khomenko,E2E: Fix flaky ReturnToPrevious test by using direct URL navigation (#121658),1,0,11,42,-31,0,0,-1,0,0,0,0,0,0,0,0,0,0,0,0,-1,0.0,-1,71,0.0,0,0.0,0.0,0,0
1a8caae983dca4e56d2d6603ec3930180c51a66c,grafana,2026-04-02 08:09:26 -0700,Liza Detrick,Explore Logs: fix broken logs datasource test (#121770),1,0,14,6,8,0,0,1,0,0,0,0,0,0,0,0,0,0,0,0,-1,0.0,-1,35,0.0,0,0.0,0.0,0,0
5304573d2f1cc10dbfca3638037ed5e64a03b721,grafana,2026-04-02 10:03:07 -0500,Paul Marbach,Table: Fix flaky cross-filter tests (#121757),3,0,58,52,6,0,0,3,0,0,0,0,0,0,0,0,0,0,0,0,-1,0.0,-1,41,0.0,0,0.0,0.0,0,1
74b68d383bf56e88ffa5b625e97f277c8947dacc,grafana,2026-04-02 09:26:48 -0500,Galen Kistler,Explore: Revert changes to datasourceState.test file (#121767),1,0,0,6,-6,0,0,0,0,0,0,0,0,0,0,0,0,0,-1,0,-1,0.0,-1,39,0.0,0,0.0,0.0,0,0
78810dd9cf96a158a8e061968ae6532f62dbebe7,grafana,2026-04-02 16:19:18 +0200,Piotr Jamróz,Dashboards: Enable default layout selector (#121752),1,0,1,1,0,0,0,0,0,0,0,0,0,0,0,0,0,0,0,0,-1,0.0,-1,66,0.0,0,0.0,0.0,0,0
42084b9e8504a21ef561193a42e68a48d61c3883,grafana,2026-04-02 09:10:12 -0400,Rodrigo Vasconcelos de Barros,Alerting: Fix legacy permissions being ignored in rbac notification settings page (#121596),2,0,59,8,51,0,0,0,0,0,0,0,0,0,0,0,0,0,0,0,-1,0.0,-1,38,0.0,0,0.0,0.0,0,0
035dbeb03cac30b3579f92dbe865e145a75cc1f6,grafana,2026-04-02 16:01:49 +0300,Victor Marin,Filters: Gate recommendations behind new UI toggle (#121725),2,0,8,4,4,0,0,0,0,0,0,0,0,0,0,0,0,0,0,0,-1,0.0,-1,65,0.0,0,0.0,0.0,0,0
933f5926144e0e6e06f98ea35bef049cc306a39d,grafana,2026-04-02 15:01:46 +0200,Piotr Jamróz,Dashboards: Fix adding variables and links when no controls are displayed (#121728),1,0,7,3,4,0,0,0,0,0,0,0,0,0,0,0,0,0,0,0,-1,0.0,-1,59,0.0,1,0.0,0.0,0,0
66c4588e2611d063c0be1f6f4cbc9addcba53cd8,grafana,2026-04-02 13:51:02 +0100,Ashley Harrison,Accessibility: Add accessible labels to drag handles (#121672),6,1,43,17,26,0,0,0,0,0,0,0,0,0,0,0,0,0,0,0,-1,0.0,-1,56,0.0,0,0.0,0.0,0,0
bd8946097ed75bef9ee2af9979c174b890d7643a,grafana,2026-04-02 14:47:32 +0200,Marcus Andersson,DataSources: Virtualize picker for improved performance (#119997),12,8,470,137,333,1,0,2,1,1,4,1,0,0,0,0,1,0,25,0,-1,0.0,-1,58,0.0,6,1.0,2.5,0,2
a372f2c7263369c7862795d3e7c069dd572e9b78,grafana,2026-04-02 14:44:51 +0200,Oscar Kilhed,"DynamicDashboards: Confirm delete variables, annotations queries and links (#121736)",8,0,60,20,40,0,0,-2,0,0,0,0,0,0,0,0,0,0,6,0,-1,0.0,-1,57,0.0,0,0.0,0.0,0,0
8d7b2a721511001384b28785d6fcc9491b46ef46,grafana,2026-04-02 13:50:57 +0200,Marc M.,DynamicDashboards: Dashboard controls with edit/delete actions popover (#119493),9,0,515,291,224,1,0,-11,0,1,8,3,0,0,0,0,0,0,18,0,-1,0.0,-1,55,0.0,3,3.0,11.0,0,0
6fb95c4c206f0025f83227ff8a25392b8a393ab7,grafana,2026-04-02 12:21:49 +0100,Josh Hunt,Lint: Use custom no-restricted-syntax rules (#121659),7,3,20,87,-67,0,0,-4,0,0,0,0,0,0,0,0,0,0,0,0,-1,0.0,-1,51,0.0,0,0.0,0.0,0,-1
229b860850d56861a91c26929f54e690db91a7f4,grafana,2026-04-02 13:12:12 +0200,Gilles De Mey,Alerting: Use backend filters for alert groups page (#121561),7,0,198,149,49,0,0,6,0,0,0,0,0,0,0,0,0,0,-9,0,-1,0.0,-1,53,0.0,0,0.0,0.0,0,2
db466741a635469b99eae1412f165d7ec38cb7e4,grafana,2026-04-02 11:49:44 +0100,Ashley Harrison,Chore: Migrate saga docs back into storybook (#121559),4,2,27,7,20,0,0,0,0,0,0,0,0,0,0,0,0,0,1,0,-1,0.0,-1,50,0.0,0,0.0,0.0,0,0
197a9c3a5013ee2bca5bc3f817296124d652ce4a,grafana,2026-04-02 15:54:40 +0530,MdTanwer,Fix: Keyboard accessibility for menus (#118251),6,5,100,10,90,0,0,7,0,0,0,0,0,0,0,0,0,0,1,0,-1,0.0,-1,64,0.0,0,0.0,0.0,1,4
cd6905dfc622928397f92541b93e8479e351772d,grafana,2026-04-02 11:17:47 +0200,Andrej Ocenas,Team Folders: Add owner filter to browse dashboards (#121298),16,5,566,56,510,1,0,13,0,0,0,3,0,0,0,0,1,0,21,0,-1,0.0,-1,47,0.0,5,0.5,3.0,1,4
fae3d4c665d92bdfad413f7bfdbf324ce205789b,grafana,2026-04-02 11:09:12 +0200,Marcus Andersson,Dashboard Controls: Lazy load default variables and links per datasource (#119384),13,0,766,1028,-262,1,0,-10,0,1,0,0,0,0,0,0,0,6,1,0,-1,0.0,-1,46,0.0,1,0.5,0.0,1,3
d34087f8ca1dc44cfc20074a9e223e0efd9ab6dc,grafana,2026-04-02 10:59:35 +0200,Hugo Häggmark,Plugins: add install/uninstall calls to new APIs (#121170),22,0,528,22,506,1,0,12,0,0,0,0,0,0,0,0,0,1,8,0,-1,0.0,-1,45,0.0,0,0.0,0.0,1,5
e3ed84f5e6fa6ecc7b4f91a07ea782054d5b12cc,grafana,2026-04-02 09:53:57 +0100,Pedro Antunes,MultiCombobox: Fix remove button for hidden options (#115922) (#120554),2,2,19,0,19,0,0,0,0,0,0,0,0,0,0,0,1,0,0,0,-1,0.0,-1,40,0.0,0,0.0,0.0,0,0
a28a86e94ed740debd4e3d1568840ff72e7573b7,grafana,2026-04-02 10:53:32 +0200,Marcus Andersson,Chore: Add enableDatasourceMetaApiPluginLoading feature toggle (#121640),1,0,5,0,5,0,0,0,0,0,0,0,0,0,0,0,0,0,0,0,-1,0.0,-1,44,0.0,0,0.0,0.0,0,0
c111125c10286c6546a4e841b2114812d1b59d8e,grafana,2026-04-02 10:07:03 +0200,Oscar Kilhed,"Dynamic dashboards: Hide hidden panels from outline in view mode, display eye-slash in edit mode (#121622)",2,0,139,0,139,0,0,4,0,0,0,0,0,0,0,0,0,0,13,0,-1,0.0,-1,43,0.0,0,0.0,0.0,0,1
c268cb81ba93b9286fc1a247e9760a9834055fca,grafana,2026-04-02 10:05:56 +0200,Marc M.,test: Prevent incorrect assertion when a dashboard is saved several times in the same E2E test (#121676),1,0,4,0,4,0,0,1,0,0,0,0,0,0,0,0,0,0,0,0,-1,0.0,-1,42,0.0,0,0.0,0.0,0,0
5029ae1a72eee296ea6e226c8f2e5e4b8a0f2fb1,grafana,2026-04-02 08:57:35 +0200,Oscar Kilhed,Dynamic dashboards: revert edit sidebar buttons color change (#121716),1,0,0,1,-1,0,0,0,0,0,0,0,0,0,0,0,0,0,0,0,-1,0.0,-1,36,0.0,0,0.0,0.0,0,0
bab14450a199fd34024b09632973eedb302ec734,grafana,2026-04-02 00:55:34 -0400,Kristina Demeshchik,Dashboard: sidebar height (#121687),1,1,1,0,1,0,0,0,0,0,0,0,0,0,0,0,0,0,0,0,-1,0.0,-1,34,0.0,0,0.0,0.0,0,0
d027a8433ae41a23778513e651df4cb5dc82eca1,grafana,2026-04-01 23:14:49 +0300,Victor Marin,Filters: Gate everything behind `dashboardUnifiedDrilldownControls` (#121627),8,0,45,29,16,0,0,0,0,0,0,0,0,0,0,0,1,0,0,0,-1,0.0,-1,33,0.0,0,0.0,0.0,0,0
645947f0aa53e596a952acf8426a50d1b3deb1fe,grafana,2026-04-01 15:05:51 -0500,Paul Marbach,Table: Use dynamically calculated headerHeight (#121607),2,2,40,30,10,0,0,0,0,0,0,1,0,0,0,0,0,0,-1,0,-1,0.0,-1,19,0.0,0,1.0,1.0,0,-2
66358afd0379cba1d310c1e343fe1007d68a0b48,grafana,2026-04-01 15:57:08 -0400,Kristina Demeshchik,adHoc: groupby query (#121684),1,0,1,1,0,0,0,0,0,0,0,0,0,0,0,0,0,0,0,0,-1,0.0,-1,23,0.0,0,0.0,0.0,0,0
09aa88a76d2dfe02f8f8ff3e04a14e14083950d6,grafana,2026-04-01 22:51:54 +0300,Victor Marin,Filters: GroupBy panel action refactor to not use applicability (#121420),10,0,270,265,5,1,0,16,0,1,0,0,0,0,0,0,0,0,-7,0,-1,0.0,-1,32,0.0,0,1.0,0.0,1,5
1782af3fd41cab73ec6a0957275b9ff754e2b3c5,grafana,2026-04-01 15:36:46 -0400,Kyle Brandt,"Revert ""Feature Toggles: Promote sqlExpressions to GA (#120986)"" (#121663)",1,0,1,1,0,0,0,0,0,0,0,0,0,0,0,0,0,0,0,0,-1,0.0,-1,22,0.0,0,0.0,0.0,0,0
69e7a061be0aca85f52f62796e4fc5bb47f10ac7,grafana,2026-04-01 14:31:28 -0500,Leon Sorokin,FeatureToggles: Add clearPreviousFieldValues (#121682),1,0,5,0,5,0,0,0,0,0,0,0,0,0,0,0,0,0,0,0,-1,0.0,-1,15,0.0,0,0.0,0.0,0,0
7528f960ff20601dc88a91c68ebe497306acdba5,grafana,2026-04-01 14:15:07 -0500,Adela Almasan,Suggestions: Remove time series smooth suggestion (#121674),2,0,1,24,-23,0,0,-1,0,0,0,0,0,0,0,0,0,0,0,0,-1,0.0,-1,14,0.0,-1,0.0,0.0,0,0
2b0f4305aff9958d69079e1c65423a3f57ce05d3,grafana,2026-04-01 14:05:38 -0500,Galen Kistler,Annotations: Clustering region support (#121571),8,0,465,82,383,1,0,16,0,0,0,0,0,0,0,0,0,0,0,0,-1,0.0,-1,13,0.0,0,0.0,0.0,1,5
a5e571c84371ae446f3a2efcbd9f1bc5c9c45709,grafana,2026-04-01 21:44:19 +0300,Victor Marin,Filters: Runtime migration to AdHocFilters GroupBy extension when FF is on (#121314),4,0,510,2,508,1,0,19,0,0,0,0,0,0,0,0,0,0,9,0,-1,0.0,-1,31,0.0,1,0.0,0.0,1,5
dedc8832d54e7a46875bb781df30cabaa8961418,grafana,2026-04-01 13:11:16 -0500,Adela Almasan,Presets: Add data checks  (#121656),12,0,390,6,384,1,0,9,0,0,0,0,0,0,0,0,0,0,11,0,-1,0.0,-1,10,0.0,0,0.0,0.0,1,5
bd32057f57d3b9e134ea30fbfb7bf8858321216c,grafana,2026-04-01 20:03:11 +0200,Misi,"IAM: Add UID, and legacy ID filters to team search (#121662)",1,0,6,0,6,0,0,0,0,0,0,0,0,0,0,0,0,0,0,0,-1,0.0,-1,30,0.0,0,0.0,0.0,0,0
42a3f3a19e2387dea638a0c3d51e6909aa6fd7a8,grafana,2026-04-01 13:32:47 -0400,Nick Richmond,Expressions: Isolate broken SSE pipeline nodes to enable partial results (#121043),1,0,5,0,5,0,0,0,0,0,0,0,0,0,0,0,0,0,0,0,-1,0.0,-1,12,0.0,0,0.0,0.0,0,0
e898dd5a8c2f4ebb835b9b1947a9cdfa4ea9b2fe,grafana,2026-04-01 13:27:09 -0400,Nick Richmond,SqlExpressions: Re-add preview badges to UI (#121669),2,1,12,6,6,0,0,0,0,0,0,0,0,0,0,0,0,0,0,0,-1,0.0,-1,11,0.0,0,0.0,0.0,0,0
f822d182645450b2db4ff0e4cf0c85033ba4b458,grafana,2026-04-01 18:55:42 +0200,Gilles De Mey,Combobox: Fix long option overflow in MultiCombobox when single item selected (#121557),2,2,2,6,-4,0,0,0,0,0,0,0,0,0,0,0,0,0,0,0,-1,0.0,-1,29,0.0,0,0.0,0.0,0,0
8ec7c6acb9cd7e1da215e7c64afff4ba41fc2690,grafana,2026-04-01 12:48:12 -0400,Kristina Demeshchik,Dashboards: Handle unknown special value match types gracefully instead of crashing (#121589),3,0,72,10,62,0,0,2,0,0,0,0,0,0,0,0,0,2,4,0,-1,0.0,-1,9,0.0,0,0.0,0.0,0,1
22fa758cf89c5adf679f59201a360dfa898e013c,grafana,2026-04-01 18:41:26 +0200,Matias Chomicki,Logs Table: Empty state and reordering fixes (#121451),6,0,94,47,47,0,0,0,0,0,0,0,0,0,0,0,0,0,1,0,-1,0.0,-1,27,0.0,0,0.0,0.0,0,0
a16243883e32c521d8eb9a0c0738176c4549b1fd,grafana,2026-04-01 12:25:42 -0400,Kristina Demeshchik,Adhoc: support defaults in v1 (#121667),5,1,69,8,61,0,0,1,0,0,0,0,0,0,0,0,0,0,0,0,-1,0.0,-1,8,0.0,0,0.0,0.0,0,0
9259fc2d0c13dcb1081b9ac36c61b67fb0a724d2,grafana,2026-04-01 18:48:28 +0300,Victor Marin,FiltersOverview: Migrate groupBy to unified experience (#121540),3,0,166,29,137,0,0,14,1,0,0,0,0,0,0,0,0,0,1,0,-1,0.0,-1,28,0.0,0,1.0,0.0,1,4
a2b2e0f24d2c1861754c1fc064b8d95f80722a33,grafana,2026-04-01 10:00:22 -0500,Paul Marbach,Table: Fix nested field name overrides (#121611),2,0,24,0,24,0,0,1,0,0,0,0,0,0,0,0,0,0,0,0,-1,0.0,-1,6,0.0,0,0.0,0.0,0,0
bb52ce1ea26948ddf8419594842695306b58ae1f,grafana,2026-04-01 16:58:48 +0200,Ida Štambuk,Dynamic dashboards: Enable variable type change (#121636),21,1,700,227,473,1,0,9,0,0,2,3,0,0,0,0,2,0,18,0,-1,0.0,-1,26,0.0,6,0.7143,5.0,0,2
85cce3b571bccabc35125d094acf13953e722daa,grafana,2026-04-01 16:52:51 +0200,Misi,IAM: Add exact title/name filter to the new team search (#121634),1,0,4,1,3,0,0,0,0,0,0,0,0,0,0,0,0,0,0,0,-1,0.0,-1,25,0.0,0,0.0,0.0,0,0
c8ce04a2bfce2be5d90808658d735f7b71ca1ed3,grafana,2026-04-01 09:45:10 -0500,Adela Almasan,Suggestions: Remove lttb downsampling from preview cards (#121604),2,1,2,129,-127,0,0,-1,0,0,0,0,0,0,0,0,0,0,-1,0,-1,0.0,-1,4,0.0,0,0.0,0.0,0,-1
5f6d95965b2d89a86aaaac29e68097b0397e8ca9,grafana,2026-04-01 15:24:07 +0100,Joey,Traces Drilldown: Add time seeker toggle (#121650),1,0,5,0,5,0,0,0,0,0,0,0,0,0,0,0,0,0,0,0,-1,0.0,-1,21,0.0,0,0.0,0.0,0,0
4eca4d824e9b5528afbb0ca77ce12a035c481b3e,grafana,2026-04-01 11:20:29 -0300,Juan Cabanas,"Dashboard Library: Capitalize ""Assistant"" in template card button (#121653)",1,0,2,2,0,0,0,0,0,0,0,0,0,0,0,0,0,0,0,0,-1,0.0,-1,7,0.0,0,0.0,0.0,0,0
17665bd06945f32692cf213c6f2bc623116c7ec5,grafana,2026-04-01 07:05:09 -0700,Liza Detrick,Explore Logs: update feature toggles to GOFF (#121036),29,13,690,485,205,1,0,-1,0,0,1,1,0,0,0,0,1,0,1,0,-1,0.0,-1,0,0.0,0,2.0,2.0,0,2
a654bf2b2d02a2a894bef79286a48ff60230d1a5,grafana,2026-04-01 16:43:14 +0300,Alex Khomenko,E2E: Skip flaky ReturnToPrevious test suite (#121644),1,0,1,1,0,0,0,0,0,0,0,0,0,0,0,0,0,0,0,0,-1,0.0,-1,24,0.0,0,0.0,0.0,0,0
1b39b6d9a56aaf457e440dffc4cdecf0ebc4d5bb,grafana,2026-04-01 08:22:25 -0500,Paul Marbach,FieldMatcher: Update group to nested table by name matcher to avoid awkward initial display (#121579),2,2,49,1,48,0,0,0,0,0,0,0,0,0,0,0,0,0,0,0,-1,0.0,-1,2,0.0,0,0.0,0.0,0,0
ddaa97fe660fa3dff0d4702ecae866dfb10fd536,grafana,2026-04-01 08:21:07 -0500,Paul Marbach,Table: Restore cross-filtering and make it work with nested tables (#121593),11,9,737,122,615,1,0,16,0,1,0,1,0,0,1,0,3,0,0,0,-1,0.0,-1,1,0.0,0,2.0,2.0,0,1
4be9b9a7d6ed5a8855eca2a08fa13ad849f69b6a,grafana,2026-04-01 15:17:53 +0200,Marc M.,"DynamicDashboards: Enable variables, annotations and links duplication (#121244)",8,0,298,47,251,1,0,2,0,0,0,0,0,0,0,0,1,0,7,0,-1,0.0,-1,20,0.0,0,0.0,0.0,1,3
aac487eea118cb55e1d78185cb4b9d3f6e7b7ebd,grafana,2026-04-01 08:57:54 -0400,Collin Fingar,Dashboards + Saved Query: Unconfigured Panel Redesign Toggle (#121595),1,0,5,0,5,0,0,0,0,0,0,0,0,0,0,0,0,0,0,0,-1,0.0,-1,3,0.0,0,0.0,0.0,0,0
97bceb58130091d15de0fc688fb9713912bd1d7b,grafana,2026-04-01 09:54:01 -0300,maicon,Frontend: Negotiate folder app API v1 vs v1beta1 at runtime (#121503),5,0,106,7,99,0,0,7,0,0,0,0,0,0,0,0,0,0,3,0,-1,0.0,-1,5,0.0,1,0.0,0.0,0,2
a841343f239030bddd9c6c3633767211b96fba83,grafana,2026-04-01 14:52:20 +0200,Piotr Jamróz,Dashboards: Do not show share and edit button in kiosk mode (#120976),2,0,57,8,49,0,0,2,0,1,0,0,0,0,0,0,0,0,6,0,-1,0.0,-1,18,0.0,0,1.0,0.0,0,0
c8dc8e13a11bce45b2482af599e4bbb07e0c75fc,grafana,2026-04-01 14:49:55 +0200,Oscar Kilhed,Dynamic dashboards: Make the background for the edit buttons in sidebar lighter (#121633),2,1,71,41,30,0,0,0,0,0,0,0,0,0,0,0,3,0,2,0,-1,0.0,-1,17,0.0,0,0.0,0.0,0,0
3ecb5986e377f76c22ded49a911ede4d1f561bbf,grafana,2026-04-01 14:34:35 +0200,Oscar Kilhed,Dashboards: Let users scroll the dashboards controls menu if it exceeds their viewport (#121529),1,0,40,33,7,0,0,0,0,0,0,0,0,0,0,0,0,0,0,0,-1,0.0,-1,16,0.0,0,0.0,0.0,0,0
6317bd1f7bcd2fc256e395032f3ec85ebda3402b,ant-design-pro,2026-04-07 20:51:49 +0800,afc163,fix: increase CSS specificity for menu border override,1,0,3,3,0,0,0,0,0,0,0,0,0,0,0,0,0,0,0,0,-1,0.0,-1,8,0.0,0,0.0,0.0,0,0
fa28d7b90f1f55f4843e90570d78725efbca58bc,ant-design-pro,2026-04-07 17:27:11 +0800,afc163,fix: remove marginInlineStart from right content,1,0,0,1,-1,0,0,0,0,0,0,0,0,0,0,0,0,0,0,0,-1,0.0,-1,7,0.0,0,0.0,0.0,0,0
b54cb6a4a5667ba14b0a9bc1d84c53e28dfb080a,ant-design-pro,2026-04-07 17:22:43 +0800,afc163,fix: update @ant-design/pro-components to fix dark theme issue (#11645),3,1,4,4,0,0,0,0,0,0,0,0,0,0,0,0,0,0,0,0,-1,0.0,-1,6,0.0,0,0.0,0.0,0,0
4893fb113be18b0451f6bf10285a2e75b3bdd8d9,ant-design-pro,2026-04-07 17:18:09 +0800,afc163,fix: type children as React.ReactElement for ModalForm trigger,1,1,1,1,0,0,0,0,0,0,0,0,0,0,0,0,0,0,0,0,-1,0.0,-1,5,0.0,0,0.0,0.0,0,0
2a453032d7f641b86e82c0cf1ec803d1de2b6ca8,ant-design-pro,2026-04-07 17:17:53 +0800,afc163,fix: add marginInlineStart to right content in account/settings,1,0,1,0,1,0,0,0,0,0,0,0,0,0,0,0,0,0,0,0,-1,0.0,-1,4,0.0,0,0.0,0.0,0,0
306b7ab03973bb9a4f33b5a65fd463cc0ab4f88b,ant-design-pro,2026-04-07 17:16:14 +0800,afc163,fix: move border from leftMenu to right content in account/settings,1,0,2,2,0,0,0,0,0,0,0,0,0,0,0,0,0,0,0,0,-1,0.0,-1,3,0.0,0,0.0,0.0,0,0
0e22d158c9f425ba1acd65ffe88d12f1d50fcb73,ant-design-pro,2026-04-07 15:02:53 +0800,dependabot[bot],chore(deps-dev): bump tailwindcss from 3.4.19 to 4.2.2 (#11643),2,0,2,4,-2,0,0,0,0,0,0,0,0,0,0,0,0,0,1,0,-1,0.0,-1,2,0.0,0,0.0,0.0,0,0
aa4c47ee487b3114c6a24269f06ad31f35034805,ant-design-pro,2026-04-03 17:08:27 +0800,afc163,fix: resolve security vulnerabilities from code scanning (#11641),3,0,29,6,23,0,0,5,0,0,0,0,0,0,0,0,0,0,0,0,-1,0.0,-1,1,0.0,0,0.0,0.0,0,1
3d3df3a8147a9e371003cba32c095a7ce2a5df6b,ant-design-pro,2026-04-03 15:25:33 +0800,dependabot[bot],chore(deps-dev): bump typescript from 5.9.3 to 6.0.2 (#11637),1,1,1,1,0,0,0,0,0,0,0,0,0,0,0,0,0,0,0,0,-1,0.0,-1,0,0.0,0,0.0,0.0,0,0
28e98b23340162cbcf22e61259208efd0f6d3334,ant-design-pro,2026-03-07 10:25:54 +0800,afc163,perf: optimize React hooks and fix event listener issues,5,4,88,87,1,0,0,-3,0,0,1,7,0,0,0,0,0,0,0,0,-1,0.0,-1,8,0.0,0,8.0,8.0,0,-3
bcdb73891c13a5f57d349d0fb0ee670b78d408cb,ant-design-pro,2026-03-05 12:18:54 +0800,afc163,fix: replace rc-util with @rc-component/util,4,4,4,4,0,0,0,0,0,0,0,0,0,0,0,0,0,0,0,0,-1,0.0,-1,7,0.0,0,0.0,0.0,0,0
3a3b5a0c7c453b9d6ee7bf679a6110182c2c6d1c,ant-design-pro,2026-03-05 11:38:26 +0800,afc163,chore: remove unused files,14,6,0,1364,-1364,0,0,-66,0,0,0,0,0,0,0,0,0,0,-24,0,-1,0.0,-1,6,0.0,0,0.0,0.0,0,1
fa4db48a2a5193b7ce03b0f0ddc30bdc677d48a9,ant-design-pro,2026-03-05 11:09:42 +0800,afc163,refactor: remove pro-cli dependency and update initialization method,6,0,0,16,-16,0,0,0,0,0,0,0,0,0,0,0,0,0,0,0,-1,0.0,-1,5,0.0,0,0.0,0.0,0,0
33833440e0ae394ca5f3294b5b10d87ad2d50825,ant-design-pro,2026-03-05 10:43:08 +0800,afc163,refactor: convert class components to functional components,5,4,316,364,-48,1,0,-4,9,4,0,0,0,0,0,0,0,0,0,0,-1,0.0,-1,4,0.0,1,6.5,0.0,1,7
e21ccee87176ce4b355a93a4e23cff8f0bc37ee6,ant-design-pro,2026-03-05 10:35:58 +0800,afc163,Update src/pages/account/settings/components/base.tsx,1,1,1,1,0,0,0,0,0,0,0,0,0,0,0,0,0,0,0,0,-1,0.0,-1,3,0.0,0,0.0,0.0,0,0
73509b24e64b513e4db79430445eca0ea0c8a1df,ant-design-pro,2026-03-04 12:27:03 +0800,afc163,fix: fix type error in _mock.ts for city lookup,1,0,2,1,1,0,0,0,0,0,0,0,0,0,0,0,0,0,0,0,-1,0.0,-1,2,0.0,0,0.0,0.0,0,0
38febe063e24bdd29cec9aea2203ef2557d5144b,ant-design-pro,2026-03-04 12:22:16 +0800,afc163,fix: resolve lint errors for antd v6 compatibility,8,1,87,70,17,0,0,0,0,0,0,0,0,0,0,0,0,0,-1,0,-1,0.0,-1,1,0.0,0,0.0,0.0,0,0
59c14497b19447dd0812177aa0e473f645ca522d,ant-design-pro,2026-03-04 12:00:05 +0800,afc163,fix: add missing basic-list files and update snapshots,7,1,521,1,520,1,0,7,0,0,0,0,0,0,0,0,1,0,11,0,-1,0.0,-1,0,0.0,0,0.0,0.0,1,5
607e63f4fdb49d78306a618f2b2c29291ce85500,ant-design-pro,2026-02-02 16:01:26 +0800,LiShuai (阿木),fix: correct typo 'Desgin' to 'Design' in Footer (#11618),1,1,1,1,0,0,0,0,0,0,0,0,0,0,0,0,0,0,0,0,-1,0.0,-1,2,0.0,0,0.0,0.0,0,0
dae1c3ef27b14d9febada96200f2614ab0f128d3,ant-design-pro,2026-02-02 14:59:40 +0800,jiaxiang,chore(deps): update dependencies in package.json and refactor HeaderDropdown component (#11622),1,1,2,2,0,0,0,0,0,0,0,0,0,0,0,0,0,0,0,0,-1,0.0,-1,1,0.0,0,0.0,0.0,0,0
330b2a6d10756828e6237bda600a9e98c42465f1,ant-design-pro,2026-02-02 12:12:57 +0800,afc163,fix: update antd dependencies and snapshot tests (#11604),5,1,56,6,50,0,0,5,0,0,0,0,0,0,0,0,0,0,0,0,-1,0.0,-1,0,0.0,0,0.0,0.0,0,1
e6a22907f92dfcff7b045102963634ffb4f8662c,ant-design-pro,2026-01-17 14:15:58 +0700,Dinh Cong Tan,Remove 'react-fittext' module declaration (#11601),1,0,0,1,-1,0,0,0,0,0,0,0,0,0,0,0,0,0,0,0,-1,0.0,-1,0,0.0,0,0.0,0.0,0,0
ff3a87f049c8a6764fe3e46fcf4e57d051c6694b,ant-design-pro,2025-12-03 18:38:18 +0800,afc163,chore: remove esbuildMinifyIIFE config option,1,0,0,1,-1,0,0,0,0,0,0,0,0,0,0,0,0,0,0,0,-1,0.0,-1,3,0.0,0,0.0,0.0,0,0
5405ce26963d3711e9c38a6ce70f0147f9b61668,ant-design-pro,2025-12-03 18:32:44 +0800,afc163,chore: update gitignore and config for turbopack integration,1,0,1,6,-5,0,0,0,0,0,0,0,0,0,0,0,0,0,0,0,-1,0.0,-1,2,0.0,0,0.0,0.0,0,0
c09e175ec3d25d0b6fd0c797bd2caf6d29a6c820,ant-design-pro,2025-12-03 18:15:05 +0800,afc163,fix: update snapshot and add ResizeObserver mock,1,0,7,0,7,0,0,0,0,0,0,0,0,0,0,0,0,0,0,0,-1,0.0,-1,1,0.0,0,0.0,0.0,0,0
60f1b6f3ad2c62a04cf1a18338c9c3bab679be48,ant-design-pro,2025-12-02 12:11:01 +0800,afc163,fix: update notification properties and remove cssVar config,3,0,2,3,-1,0,0,0,0,0,0,0,0,0,0,0,0,0,0,0,-1,0.0,-1,0,0.0,0,0.0,0.0,0,0
1f6a85da4ea404acb2f32108875ff008398d9361,ant-design-pro,2025-11-24 11:18:06 +0800,afc163,build: update antd and ant-design/icons dependencies and remove v5 patch,1,0,0,1,-1,0,0,-1,0,0,0,0,0,0,0,0,0,0,-1,0,-1,0.0,-1,0,0.0,0,0.0,0.0,0,0
aa2b970944b7459f4cf1fdbe85ac1cd960a4802d,ant-design-pro,2025-10-22 18:28:38 +0800,ice,chore: tailwind CSS setup (#11576),2,0,6,0,6,0,0,0,0,0,0,0,0,0,0,0,0,0,0,0,-1,0.0,-1,1,0.0,0,0.0,0.0,0,0
a1b37b4630c772f7d7f7243474acab6152b284dd,ant-design-pro,2025-10-22 12:18:40 +0800,ice,chore: add biome tooling and format codebase (#11572),14,3,168,215,-47,0,0,0,0,0,0,0,0,0,0,0,0,0,0,0,-1,0.0,-1,0,0.0,0,0.0,0.0,0,0
ecc135f2526322c8f835ef4311868ed396f3a5af,ant-design-pro,2025-10-10 10:20:49 +0800,kingling,fix: change margin to padding (#11558),1,0,1,1,0,0,0,0,0,0,0,0,0,0,0,0,0,0,0,0,-1,0.0,-1,0,0.0,0,0.0,0.0,0,0
bd5130a635a175484f5167574c4f1d98ce2acd9a,ant-design-pro,2025-07-15 11:02:13 +0800,afc163,chore: update dependencies and config (#11532),3,0,10,12,-2,0,0,0,0,0,0,0,0,0,0,0,0,0,0,0,-1,0.0,-1,9,0.0,0,0.0,0.0,0,0
cb64940608ea37f909c0dcb8d18b590ce34be4aa,ant-design-pro,2025-07-14 11:27:45 +0800,afc163,refactor: remove unused pages,23,9,0,4741,-4741,0,0,-50,0,0,0,0,0,0,0,0,0,0,-173,0,-1,0.0,-1,10,0.0,-9,0.0,0.0,0,1
c1dae84859447501928d679520dcc9e4767f5d8b,ant-design-pro,2025-07-08 19:17:30 +0800,afc163,refactor: simplify routes and remove unused account pages,140,52,19,10243,-10224,0,0,-179,0,0,0,0,0,0,0,0,0,0,-305,0,-1,0.0,-1,6,0.0,-7,0.0,0.0,0,1
b5fbba7c40b12bd5c46cc42e174a854f5937adf3,ant-design-pro,2025-07-13 22:10:42 +0800,GeoDaoyu,fix: 404 path in routes.ts (#11528),1,0,1,1,0,0,0,0,0,0,0,0,0,0,0,0,0,0,0,0,-1,0.0,-1,9,0.0,0,0.0,0.0,0,0
e23cbff9140ce6ae9c0112a86ed359bf8e4a81b1,ant-design-pro,2025-07-12 12:18:45 +0800,afc163,refactor: remove react and antd warnings (#11527),24,10,87,67,20,0,0,0,0,0,0,0,0,0,0,0,0,0,-1,0,-1,0.0,-1,8,0.0,-1,0.0,0.0,0,2
f0ad4dbab576867effcbe0e4826d313efce5faa7,ant-design-pro,2025-07-08 22:22:19 +0800,afc163,chore: build preview with setting drawer (#11515),2,0,5,1,4,0,0,0,0,0,0,0,0,0,0,0,0,0,0,0,-1,0.0,-1,7,0.0,0,0.0,0.0,0,0
5b8fdd7d2dda349660dc120e3f44e9e45c29f34c,ant-design-pro,2025-07-08 18:59:52 +0800,afc163,fix: biome schema and errors (#11518),4,2,39,48,-9,0,0,0,0,0,0,0,0,0,0,0,0,0,-1,0,-1,0.0,-1,5,0.0,0,0.0,0.0,0,0
a3e7bf27c45173faf83044fb2f74751fde9d18ca,ant-design-pro,2025-07-08 17:46:01 +0800,afc163,feat: add card wrappers to error pages and buttons to sales tabs (#11513),7,1,67,54,13,0,0,0,0,0,0,0,0,0,0,0,1,0,0,0,-1,0.0,-1,4,0.0,0,0.0,0.0,0,0
233e1b0e288b25955aa8d4e2b0f2d4351ac58a06,ant-design-pro,2025-07-08 17:22:23 +0800,afc163,chore: add exportStatic option in config (#11512),1,0,1,0,1,0,0,0,0,0,0,0,0,0,0,0,0,0,0,0,-1,0.0,-1,3,0.0,0,0.0,0.0,0,0
cf2d02a931cc579307bcf994c179408a949bcd6c,ant-design-pro,2025-07-08 16:53:34 +0800,afc163,"refactor: update UI components and styles, adjust configs (#11511)",9,4,234,226,8,1,0,0,0,0,0,0,0,0,0,0,4,0,-2,0,-1,0.0,-1,2,0.0,-2,0.0,0.0,1,5
c12308d62bf9b43d2f0a7081c307a894ed69b60e,ant-design-pro,2025-07-07 20:56:16 +0800,afc163,feat: add loading component with skeleton animation (#11505),1,0,5,0,5,0,0,0,0,0,0,0,0,0,0,0,0,0,1,0,-1,0.0,-1,1,0.0,0,0.0,0.0,0,0
6f95fb66a3b064b0bce2d65ad243b68846edb57d,ant-design-pro,2025-07-07 19:59:08 +0800,afc163,chore: merge v6-full-edition to all-blocks,142,42,1778,974,804,1,0,0,0,0,1,0,0,0,0,0,12,0,0,1,-1,0.0,-1,0,0.0,-2,0.3333,1.0,1,7
2b86d40b879d93d25ae90b1fc2a88a1750009826,ant-design-pro,2025-06-04 10:00:19 +0800,终会与你同行,fix: 修复标题与副标题内容不一致的问题 (#11382),1,1,1,1,0,0,0,0,0,0,0,0,0,0,0,0,0,0,0,0,-1,0.0,-1,0,0.0,0,0.0,0.0,0,0
ed1ba7814f0276f12d3bb3e7def951b1026b9b60,ant-design-pro,2024-02-23 10:23:54 +0800,Yubao Liu,Fix blank page error after `npm start` (#11157),1,0,1,1,0,0,0,0,0,0,0,0,0,0,0,0,0,0,0,0,-1,0.0,-1,0,0.0,0,0.0,0.0,0,0
adfaa915434abca4fef00928c59458ec14e2315f,ant-design-pro,2023-12-18 16:29:51 +0800,Peach,chore: add path for 404 routes (#11096),1,0,2,0,2,0,0,0,0,0,0,0,0,0,0,0,0,0,0,0,-1,0.0,-1,2,0.0,0,0.0,0.0,0,0
c787dec2a9a23996306393abfed4515888a78403,ant-design-pro,2023-12-13 13:12:23 +0800,期贤,docs: update snapshot,1,0,3,2,1,0,0,0,0,0,0,0,0,0,0,0,0,0,0,0,-1,0.0,-1,10,0.0,0,0.0,0.0,0,0
0db71a03c3100c2f6402960f8871a9dd293d71a9,ant-design-pro,2023-12-13 13:11:09 +0800,期贤,docs: update snapshot,9,2,34,23,11,0,0,0,0,0,0,0,0,0,0,0,0,0,-1,0,-1,0.0,-1,9,0.0,0,0.0,0.0,0,0
e6a5bf9e229fa89dafa81cd36c8f6c52a9565693,ant-design-pro,2023-12-10 14:44:30 +0800,期贤,优化一些小问题,1,1,1,0,1,0,0,0,0,0,0,0,0,0,0,0,0,0,0,0,-1,0.0,-1,8,0.0,0,0.0,0.0,0,0
985b920a71f6eebe307b394bcd72745d66a3a839,ant-design-pro,2023-12-08 23:17:37 +0800,期贤,优化一些小问题,6,2,31,25,6,0,0,0,0,0,0,0,0,0,0,0,0,0,0,0,-1,0.0,-1,7,0.0,0,0.0,0.0,0,0
f8c16d6c5ed90afc938b50ff08587160ac26a128,ant-design-pro,2023-12-07 23:32:15 +0800,期贤,优化一些小问题,4,3,31,54,-23,0,0,0,0,0,0,0,0,0,0,0,0,0,0,0,-1,0.0,-1,6,0.0,0,0.0,0.0,0,0
690e21022141f8827629259b06162fa31281c73f,ant-design-pro,2023-12-07 23:14:01 +0800,期贤,优化一些小问题,18,17,48,2208,-2160,0,0,-60,0,0,0,0,0,0,0,0,0,0,-65,0,-1,0.0,-1,5,0.0,-1,0.0,0.0,0,1
b4069b2d9526c1551d20554b235fcd5a2e1b4260,ant-design-pro,2023-12-07 22:57:18 +0800,期贤,优化一些小问题,10,5,34,31,3,0,0,0,0,1,0,0,0,0,0,0,0,0,0,0,-1,0.0,-1,4,0.0,0,1.0,0.0,0,2
91429eb14f3b16cca9ec1c2a74a056b9700fb9ca,ant-design-pro,2023-12-07 22:42:53 +0800,期贤,修复样式错误,4,3,14,14,0,0,0,0,0,0,0,0,0,0,0,0,0,0,0,0,-1,0.0,-1,3,0.0,0,0.0,0.0,0,0
a8f3cff70681940c3d2c95be87d24cb7def7b10f,ant-design-pro,2023-12-07 22:26:25 +0800,期贤,chore: remove footer,4,1,0,13,-13,0,0,0,0,0,0,0,0,0,0,0,0,0,-1,0,-1,0.0,-1,2,0.0,0,0.0,0.0,0,0
1721be82bf14c83df1d2545403de552e31182eb7,ant-design-pro,2023-12-07 22:19:37 +0800,期贤,chore: use antd-style,3,2,71,62,9,0,0,0,0,0,0,0,0,0,0,0,0,0,0,0,-1,0.0,-1,1,0.0,0,0.0,0.0,0,0
6af98b905650484361e3abd7581657c10234bb9d,ant-design-pro,2023-12-06 21:35:37 +0800,Adolph Bryngelson,locale: 新增404页面添加多语言支持 (#11064),9,0,19,3,16,0,0,0,0,0,0,0,0,0,0,0,0,0,0,0,-1,0.0,-1,0,0.0,0,0.0,0.0,0,0
eb2a258c7970acc90ec28af310d1395b8bf425d0,ant-design-pro,2023-11-20 21:03:28 +0800,Tao Zhou,fix: fix a poor translation in settingDrawer.ts (#11037),1,0,1,1,0,0,0,0,0,0,0,0,0,0,0,0,0,0,0,0,-1,0.0,-1,0,0.0,0,0.0,0.0,0,0
c965935a3de586b8f60012461abd548e865f356b,ant-design-pro,2023-10-20 10:55:54 +0800,Joel Alan,chore: upgrade charts (#11011),8,6,160,134,26,0,0,0,0,0,0,0,0,0,0,0,0,0,-2,0,-1,0.0,-1,0,0.0,0,0.0,0.0,0,2
da0f9a7e6310700818f34a59ea07618b9af2b082,ant-design-pro,2023-10-13 10:16:49 +0800,hms181231,chore: user模块去掉less和样式调整 (#11002),3,0,53,51,2,0,0,0,0,0,0,0,0,0,0,0,0,0,0,0,-1,0.0,-1,2,0.0,-1,0.0,0.0,0,0
b6527751b3e8150448d3ecff3e69ff70ae34aa2c,ant-design-pro,2023-10-13 10:14:23 +0800,梓安,feat✨(exception):align antd 5.x (#11009),3,0,2,11,-9,0,0,0,0,0,0,0,0,0,0,0,0,0,0,0,-1,0.0,-1,1,0.0,0,0.0,0.0,0,0
a2b2dbeaa0d4563751bd38a580c3f6446c093c73,ant-design-pro,2023-10-06 14:15:22 +0800,期贤,chore: open esbuildMinifyIIFE,1,0,1,0,1,0,0,0,0,0,0,0,0,0,0,0,0,0,0,0,-1,0.0,-1,0,0.0,0,0.0,0.0,0,0
344ccd6426e89e2ff49ad20c52fb50280060abc1,ant-design-pro,2023-09-18 16:22:52 +0800,xieww,✨ feat(account): remove less (#10975),2,1,11,12,-1,0,0,0,0,0,0,0,0,0,0,0,0,0,0,0,-1,0.0,-1,5,0.0,0,0.0,0.0,0,0
9f40f5729e0a42d5ce1200f5ccac27a3dcf1e988,ant-design-pro,2023-09-16 11:53:58 +0800,kiner-tang(文辉),fix: solve search-list tab route work unexpected issue. (#10970),1,0,2,3,-1,0,0,0,0,0,0,0,0,0,0,0,0,0,0,0,-1,0.0,-1,4,0.0,0,0.0,0.0,0,0
5b9d26d14b9c2847c6a546fef20b9a27a1b728e3,ant-design-pro,2023-09-16 11:53:48 +0800,kiner-tang(文辉),refactor: Select.Options => options (#10971),4,0,87,67,20,0,0,0,0,0,0,0,0,0,0,0,0,0,5,0,-1,0.0,-1,3,0.0,0,0.0,0.0,0,0
22f446918b298e44f566a5f402ddc769bb0f2803,ant-design-pro,2023-09-16 11:53:29 +0800,kiner-tang(文辉),feat: optimize style (#10973),1,0,3,2,1,0,0,0,0,0,0,0,0,0,0,0,0,0,0,0,-1,0.0,-1,2,0.0,0,0.0,0.0,0,0
adc236c8ea637e13288b8732e02dd99167004af1,ant-design-pro,2023-09-15 11:24:36 +0800,kiner-tang(文辉),fix: solve dropdown label display unexpected (#10966),1,0,2,2,0,0,0,0,0,0,0,0,0,0,0,0,0,0,0,0,-1,0.0,-1,1,0.0,0,0.0,0.0,0,0
b2882d356178cf5087ea4026e09a08f095b2e591,ant-design-pro,2023-09-13 20:55:05 +0800,kiner-tang(文辉),chore: solve test fail issue (#10939),14,1,4,14,-10,0,0,0,0,0,0,0,0,0,0,0,0,0,0,0,-1,0.0,-1,0,0.0,0,0.0,0.0,0,0
795119ebc704a3cd8f92c1cd0c7ac37525767a47,ant-design-pro,2023-09-06 17:01:29 +0800,hms181231,chore: 更新tableList的antd&procomponent&umi的用法 (#10936),4,2,344,339,5,1,0,-8,0,1,4,0,0,0,0,0,2,0,6,0,-1,0.0,-1,0,0.0,0,5.0,4.0,0,0
49521b88e1987e2bf051aaa4e2bb66d69525a7a4,ant-design-pro,2023-08-28 21:01:00 +0800,红,chore: renmae (#10914),7,1,3,0,3,0,0,0,0,0,0,0,0,0,0,0,0,0,0,0,-1,0.0,-1,5,0.0,0,0.0,0.0,0,0
847f013b33f4106b568943824c372d987045ad37,ant-design-pro,2023-08-26 17:06:49 +0800,期贤,chore: update pnpm lock file,2,0,228,0,228,1,0,4,0,0,0,0,0,0,0,0,0,0,11,0,-1,0.0,-1,4,0.0,1,0.0,0.0,1,4
8f9d4768f1291896a7b2d36c3a592ade069f7c58,ant-design-pro,2023-08-26 17:00:56 +0800,期贤,chore: update pnpm lock file,80,40,434,393,41,1,0,0,0,0,0,0,0,0,0,0,0,0,-18,0,-1,0.0,-1,3,0.0,0,0.0,0.0,1,5
fee1af6b81ec8d668831c7a2a57adc5994213bd5,ant-design-pro,2023-08-26 15:40:01 +0800,Kevin Law,fix: fix wrong pro-layout props. (#10836),1,0,1,1,0,0,0,0,0,0,0,0,0,0,0,0,0,0,0,0,-1,0.0,-1,2,0.0,0,0.0,0.0,0,0
c9047a19b5bbd08660a74701ee646b48f36dfe18,ant-design-pro,2023-08-26 15:39:45 +0800,httpcheck,fix: fix typos (#10882),3,0,3,3,0,0,0,0,0,0,0,0,0,0,0,0,0,0,0,0,-1,0.0,-1,1,0.0,0,0.0,0.0,0,0
6ba66b8919f9dfc06904680bd71051c34a04a0e6,ant-design-pro,2023-08-26 15:39:34 +0800,zhangrenyang,fix: api.ts Change the parameter passing method (#10903),1,0,15,6,9,0,0,0,0,0,0,0,0,0,0,0,0,0,0,0,-1,0.0,-1,0,0.0,0,0.0,0.0,0,0
0c117ace5e50d478da741ae4296bef385b64d224,ant-design-pro,2023-06-08 17:49:32 +0800,期贤,remove commit lint,34,18,880,877,3,1,0,0,0,0,0,0,0,0,0,0,0,0,0,0,-1,0.0,-1,1,0.0,0,0.0,0.0,1,5
22d7518257babd67f59b658fae1e529cc2d407f8,ant-design-pro,2023-06-08 17:47:33 +0800,期贤,chore: update lock file,38,20,127,489,-362,0,0,-4,0,0,0,0,0,0,0,0,0,0,-11,0,-1,0.0,-1,0,0.0,-1,0.0,0.0,0,1
cef2e2527078ec222b3828431b9f60e214ffeefd,ant-design-pro,2023-05-23 12:45:03 +0800,DaoYuan,chore: one import (#10658),1,0,1,3,-2,0,0,0,0,0,0,0,0,0,0,0,0,0,-2,0,-1,0.0,-1,1,0.0,0,0.0,0.0,0,0
aa90a0a0d1db40ca9ab280452e6bfbc012ad7b32,ant-design-pro,2023-05-23 00:44:06 -0400,Zheng Jiang,fix HeaderDropdown @media style not working (#10669),1,1,1,1,0,0,0,0,0,0,0,0,0,0,0,0,0,0,0,0,-1,0.0,-1,0,0.0,0,0.0,0.0,0,0
bea2c5b39bb6e7368d7a4adec8ef8be00fcdf1ff,ant-design-pro,2023-03-24 10:37:21 +0800,期贤,优化丢数据 异常,43,21,1207,1020,187,1,0,0,0,0,0,0,0,0,0,0,0,0,0,0,-1,0.0,-1,13,0.0,0,0.0,0.0,1,5
dafaf23df336c1234fdf30307332c56605d9e2b5,ant-design-pro,2023-03-23 18:26:40 +0800,期贤,优化丢数据 异常,4,1,650,3,647,1,0,14,0,0,0,0,0,0,0,0,0,0,8,0,-1,0.0,-1,12,0.0,0,0.0,0.0,1,5
93d87cafb058456014f8ee66a1f7f43b2040ed25,ant-design-pro,2023-03-23 11:23:46 +0800,期贤,css,8,4,107,289,-182,0,0,-8,1,1,3,0,0,0,0,0,0,0,-5,0,-1,0.0,-1,11,0.0,0,5.0,1.5,0,-3
440197a7bf9bd01ba3ff551988d24bab23afcd05,ant-design-pro,2023-03-23 11:10:00 +0800,期贤,css,98,58,1994,2444,-450,1,0,-2,1,1,0,0,0,0,0,0,15,2,-1,0,-1,0.0,-1,10,0.0,0,2.0,0.0,1,9
91cc2e96e3d96ba909b108618f7f5bbc5a8fd54a,ant-design-pro,2023-03-23 10:59:48 +0800,期贤,css,11,3,161,320,-159,0,0,0,0,0,0,0,0,0,0,0,0,0,0,0,-1,0.0,-1,9,0.0,0,0.0,0.0,0,-1
17c396615beec372855299b02361cff02706c280,ant-design-pro,2023-03-22 23:34:06 +0800,期贤,try,10,3,294,319,-25,1,0,0,0,0,0,0,0,0,0,0,0,0,0,1,-1,0.0,-1,8,0.0,0,0.0,0.0,1,5
ee65696c31b9d5d69fbddb86506c765042343d28,ant-design-pro,2023-03-22 23:27:30 +0800,期贤,try,107,62,5762,2592,3170,1,0,0,1,1,0,0,0,0,0,0,12,2,44,1,-1,0.0,-1,7,0.0,1,1.0,0.0,1,12
408a5cf1b157467fa028af39a796fa369c69940b,ant-design-pro,2023-03-22 23:08:57 +0800,期贤,try,1,0,224,21,203,1,0,0,0,0,0,0,0,0,0,0,0,0,0,0,-1,0.0,-1,6,0.0,0,0.0,0.0,1,3
65ff0bbb0c1bd8286921ef7a5e40b0c48aaf5eb3,ant-design-pro,2023-03-22 23:08:03 +0800,期贤,try,102,78,98,1628,-1530,0,0,-5,0,0,0,0,0,0,0,0,0,0,-197,0,-1,0.0,-1,5,0.0,-30,0.0,0.0,0,1
1676e6b446c97f150167d76919fb71e62053934c,ant-design-pro,2023-03-22 14:12:14 +0800,期贤,remove,60,33,0,2683,-2683,0,0,0,0,0,0,0,0,0,0,0,0,0,-60,0,-1,0.0,-1,4,0.0,0,0.0,0.0,0,1
0d8af97a4fef545fe6ded022a6a55a8bf3250364,ant-design-pro,2023-03-22 14:08:11 +0800,期贤,change,94,71,94,94,0,0,0,0,0,0,0,0,0,0,0,0,0,0,0,0,-1,0.0,-1,3,0.0,0,0.0,0.0,0,2
fd4a4a0183ead9863bcf3c700ae7eb7218660ff2,ant-design-pro,2023-03-21 17:43:42 +0800,DaoYuan,feat: better organization mode (#10627),3,1,16,4,12,0,0,0,0,0,0,0,0,0,0,0,0,0,3,0,-1,0.0,-1,2,0.0,0,0.0,0.0,0,0
e024ffb24d5ba06afcc480d2ed3c92d14a7f8665,ant-design-pro,2023-03-17 10:49:20 +0800,DaoYuan,chore: symbol (#10605),1,0,2,2,0,0,0,0,0,0,0,0,0,0,0,0,0,0,0,0,-1,0.0,-1,2,0.0,0,0.0,0.0,0,0
1cc38e816f89eb289853917996381d8df8385807,ant-design-pro,2023-03-17 10:49:05 +0800,DaoYuan,fix: ci (#10613),2,0,3,3,0,0,0,0,0,0,0,0,0,0,0,0,0,1,0,0,-1,0.0,-1,1,0.0,0,0.0,0.0,0,0
c8e7a4abb96fe047e978194ed0dfb8aa237d197a,ant-design-pro,2023-03-10 14:15:01 +0800,Marushiru,fix: hide SettingDrawer in production environment (#10523),1,0,13,11,2,0,0,0,0,0,0,0,0,0,0,0,1,0,0,0,-1,0.0,-1,0,0.0,0,0.0,0.0,0,0
90ced93493c49e83a2a97831db40a6087cf92a5b,ant-design-pro,2023-02-20 14:41:01 +0800,期贤,fix: use pro-layout new api,4,3,38,101,-63,0,0,-1,0,0,0,0,0,0,0,0,1,0,-2,0,-1,0.0,-1,0,0.0,1,0.0,0.0,0,-1
8c6ac3486b8c58a11d274faf4024ed95be8facf4,ant-design-pro,2023-01-13 15:16:45 +0800,期贤,chore: update typescript,3,0,9,9,0,0,0,0,0,0,0,0,0,0,0,0,0,0,0,0,-1,0.0,-1,2,0.0,0,0.0,0.0,0,0
732581083c2812630ec5de4172170535e62b63b0,ant-design-pro,2023-01-08 22:41:37 +0800,chenshuai2144,fix test error,2,0,2,1,1,0,0,0,0,0,0,0,0,0,0,0,0,0,0,0,-1,0.0,-1,1,0.0,0,0.0,0.0,0,0
12863fdb3b076a688799c597bbadf39735759eb9,ant-design-pro,2023-01-08 20:50:40 +0800,Tony Han,fix: 更新TS 声明 (#10480),1,0,8,4,4,0,0,0,0,0,0,0,0,0,0,0,0,0,0,0,-1,0.0,-1,0,0.0,0,0.0,0.0,0,0
0b4b0b14ba70d31fd796f6464bfb06db326942c9,ant-design-pro,2022-12-28 10:47:52 +0800,Tony Han,修复api 登录问题 (#10453),1,0,12,1,11,0,0,0,0,0,0,0,0,0,0,0,0,0,0,0,-1,0.0,-1,2,0.0,0,0.0,0.0,0,0
78c90346b0436b3f90f8c28a8eb6d06761644630,ant-design-pro,2022-12-28 10:47:24 +0800,Taocap,fix: 解决首次加载时白屏的问题 (#10347),2,0,210,0,210,1,0,1,0,0,0,0,0,0,0,0,0,0,0,0,-1,0.0,-1,1,0.0,0,0.0,0.0,1,3
bd93eb0a2f18027a015dec9391581e0216876769,ant-design-pro,2022-12-28 10:46:47 +0800,黄威,修复刷新时 title 不显示的问题 (#10455),1,0,1,0,1,0,0,0,0,0,0,0,0,0,0,0,0,0,0,0,-1,0.0,-1,0,0.0,0,0.0,0.0,0,0
a5c65f7eba8fcd81c8c2d2711f1b9e134858145b,ant-design-pro,2022-12-15 22:39:05 +0800,csic21,fix: 修复antd时间选择器语言包中文缺失问题 (#10440),1,0,9,0,9,0,0,0,0,0,0,0,0,0,0,0,0,0,0,0,-1,0.0,-1,2,0.0,0,0.0,0.0,0,0
b8cf69055ade57916623ab45501eb0475b8e7098,ant-design-pro,2022-12-13 10:54:05 +0800,期贤,fix: fix login page no work title error,1,0,11,1,10,0,0,0,0,0,0,0,0,0,0,0,0,0,1,0,-1,0.0,-1,1,0.0,0,0.0,0.0,0,0
5177d3382c3dd71594c267501a23ecb6517e6d1c,ant-design-pro,2022-12-13 10:45:08 +0800,陈帅,feat: 升级到 antd@5 (#10377),32,9,1242,752,490,1,0,-20,0,0,0,0,0,0,0,0,1,1,-28,0,-1,0.0,-1,0,0.0,1,0.0,0.0,1,5
0f4935f4d169caee99d335b1d5a665ca9638f229,ant-design-pro,2022-11-30 18:10:31 +0800,Hexi,chore: update router params description (#10404),1,0,3,1,2,0,0,0,0,0,0,0,0,0,0,0,0,0,0,0,-1,0.0,-1,0,0.0,0,0.0,0.0,0,0
9d018aae5cbb3be84d83e5d1617ffbdd9ba9439d,ant-design-pro,2022-11-19 15:22:51 +0800,SHINCHVEN,fix: Hash router was ignored in getInitialState() (#10352),1,0,2,1,1,0,0,0,0,0,0,0,0,0,0,0,0,0,0,0,-1,0.0,-1,0,0.0,0,0.0,0.0,0,0
6641f4424fa16f4306d0cb4c671c56b58107fc9a,ant-design-pro,2022-11-08 17:47:53 +0800,SHINCHVEN,Correct spelling (#10348),1,0,1,1,0,0,0,0,0,0,0,0,0,0,0,0,0,0,0,0,-1,0.0,-1,0,0.0,0,0.0,0.0,0,0
24840617ec7a9016bf962f4c1fc092d64427c9b7,ant-design-pro,2022-10-27 14:01:35 +0800,期贤,fix: remove dev proxy,1,0,2,10,-8,0,0,0,0,0,0,0,0,0,0,0,0,0,0,0,-1,0.0,-1,1,0.0,0,0.0,0.0,0,0
25d026ac827c873f2c8d8795dfc87e646477d074,ant-design-pro,2022-10-21 10:29:44 +0800,pshu,避免 mfsu 编译 playwright (#10311),1,0,3,0,3,0,0,0,0,0,0,0,0,0,0,0,0,0,0,0,-1,0.0,-1,1,0.0,0,0.0,0.0,0,0
c82145f2a6f9060abeda89a6dd0e7ec26eb4e780,ant-design-pro,2022-10-16 19:44:09 +0800,chenshuai2144,fix: fix setInitialState sync data error,2,1,11,5,6,0,0,0,0,0,0,0,0,0,0,0,0,0,2,0,-1,0.0,-1,0,0.0,0,0.0,0.0,0,0
6200e1dbeb64589620dfe42e687f4dee4771805b,ant-design-pro,2022-09-30 11:17:58 +0800,Kylin,fix: You may NOT need # b9163ae and # 00151a6 (#10257),2,1,3,4,-1,0,0,0,0,0,0,0,0,0,0,0,0,0,0,0,-1,0.0,-1,3,0.0,0,0.0,0.0,0,0
84963741a6e3730d1588b35f7a437942fb4ede8b,ant-design-pro,2022-09-24 15:35:28 +0800,chenshuai2144,fix： remove antd lib remove,1,1,1,1,0,0,0,0,0,0,0,0,0,0,0,0,0,0,0,0,-1,0.0,-1,6,0.0,0,0.0,0.0,0,0
00151a634b3b13c712be2d9b4cfe4bf7369ee5da,ant-design-pro,2022-09-24 15:34:42 +0800,chenshuai2144,fix: redirect use react router pathname,1,1,19,20,-1,0,0,0,0,0,0,0,0,0,0,0,0,0,0,0,-1,0.0,-1,5,0.0,0,0.0,0.0,0,0
b9163aeedd4d099b4af19bdb8378f6e9c0fad260,ant-design-pro,2022-09-24 14:00:18 +0800,chenshuai2144,fix: add refresh when login,1,0,2,1,1,0,0,0,0,0,0,0,0,0,0,0,0,0,0,0,-1,0.0,-1,4,0.0,0,0.0,0.0,0,0
b2d8e0c710075195dfa41cd3070cd9106f678d14,ant-design-pro,2022-09-22 11:31:44 +0800,期贤,fix: remove warning,3,0,23,18,5,0,0,0,0,0,0,0,0,0,0,0,0,0,0,0,-1,0.0,-1,3,0.0,0,0.0,0.0,0,0
4c191edffe447527eb1c32ac2b513d804dffdf99,ant-design-pro,2022-09-22 10:42:14 +0800,Yanghc,fix: requestErrorConfig在发生异常时，message.error不自动关闭 (#10209),1,0,1,1,0,0,0,0,0,0,0,0,0,0,0,0,0,0,0,0,-1,0.0,-1,2,0.0,0,0.0,0.0,0,0
da301fa212853a528318619c282f7080a3c29a17,ant-design-pro,2022-09-22 10:41:09 +0800,Yanghc,fix: RightContent 中的 navTheme 条件值 (#10210),1,1,1,1,0,0,0,0,0,0,0,0,0,0,0,0,0,0,0,0,-1,0.0,-1,1,0.0,0,0.0,0.0,0,0
c96a2f15d43141b4286dc0bdae7b65ec9373e8a0,ant-design-pro,2022-09-20 16:53:18 +0800,期贤,fix: fix default setting error,1,0,1,1,0,0,0,0,0,0,0,0,0,0,0,0,0,0,0,0,-1,0.0,-1,0,0.0,0,0.0,0.0,0,0
7d51aeb221f5c206e7342cb53d7e2ceb08a6b156,ant-design-pro,2022-09-06 15:50:03 +0800,CN-traveler,feat: 替换管理页组件 & 更正路由 (#10195),1,0,5,2,3,0,0,0,0,0,0,0,0,0,0,0,0,0,0,0,-1,0.0,-1,2,0.0,0,0.0,0.0,0,0
7c3f45f6eec3177ae66f59629c0cafd44fcecbe5,ant-design-pro,2022-09-06 15:48:42 +0800,CN-traveler,解决 404 页面出现横向滚动条 (#10194),1,0,1,0,1,0,0,0,0,0,0,0,0,0,0,0,0,0,0,0,-1,0.0,-1,1,0.0,0,0.0,0.0,0,0
e02aa4ed2f2e209fd50c31568d9d24f1f3c8d501,ant-design-pro,2022-09-06 15:46:31 +0800,期贤,fix PageContainer error,1,0,3,3,0,0,0,0,0,0,0,0,0,0,0,0,0,0,0,0,-1,0.0,-1,0,0.0,0,0.0,0.0,0,0
4ae75fc5e67e24f63bdc8ea2962af759957eb1f0,metabase,2026-04-07 09:29:27 -0700,Cam Saul,Replace leftover usages of 'pMBQL' with 'MBQL 5' (#72066),1,0,2,2,0,0,0,0,0,0,0,0,0,0,0,0,0,0,0,0,-1,0.0,-1,45,0.0,0,0.0,0.0,0,0
acfdee530b455183b6fc7b4cf46dd431c47c99ae,metabase,2026-04-07 22:20:18 +0700,Timofey Kachalov,"fix(sdk,embed-js): Fix wrong `join on` dropdown items styles (#71993)",1,1,2,2,0,0,0,0,0,0,0,0,0,0,0,0,0,0,0,0,-1,0.0,-1,42,0.0,0,0.0,0.0,0,0
d029b634ae40b989006426d10f3d495555df7abf,metabase,2026-04-07 17:34:38 +0530,Nick Fitzpatrick,Metric Viewer Menu Dividers (#71906),4,2,187,3,184,0,0,2,0,0,0,0,0,0,0,0,0,0,9,1,-1,0.0,-1,42,0.0,1,0.0,0.0,0,2
122500f230dd42b35306a8028d4eda90da00ac8d,metabase,2026-04-07 17:34:27 +0530,Nick Fitzpatrick,Update strings in metric view (#71912),10,2,180,35,145,0,0,3,0,0,0,1,0,0,0,0,0,0,10,2,-1,0.0,-1,41,0.0,2,0.3333,1.0,0,1
277d62931703272dd2f231783ce6c33acfcff69a,metabase,2026-04-07 17:34:17 +0530,Nick Fitzpatrick,Update Measure Icon in Data Studio and Metric Explorer (#71924),3,1,5,4,1,0,0,0,0,0,0,0,0,0,0,0,0,0,1,0,-1,0.0,-1,40,0.0,0,0.0,0.0,0,0
05a0cd9db271e11bb4367efe2727694f3da5cb28,metabase,2026-04-07 17:34:05 +0530,Nick Fitzpatrick,Hide the separator in breakout menu if not needed (#71937),2,2,88,1,87,0,0,2,0,0,0,0,0,0,0,0,0,0,6,0,-1,0.0,-1,39,0.0,0,0.0,0.0,0,0
85de150a57c169023dbe5515e916423a2f6af619,metabase,2026-04-06 08:16:11 -0700,John Swanson,Increase debounce delay to 500ms (#70083),2,0,5,4,1,0,0,0,0,0,0,0,0,0,0,0,0,0,0,0,-1,0.0,-1,52,0.0,0,0.0,0.0,0,0
5489604670d0e545539935b07a7bdc23832e0a6c,metabase,2026-04-06 12:56:55 +0300,Uladzimir Havenchyk,chore: replace vulnerable underscore with a util (#70784),2,0,18,6,12,0,0,1,0,0,0,0,0,0,0,0,0,0,-2,1,-1,0.0,-1,52,0.0,0,0.0,0.0,0,2
9db030e42ce94c7b18a29b7dc70cd17ebec6c57f,metabase,2026-04-05 09:20:57 +0200,Romeo Van Snick,Fix flaky test in unreferenced entries (#71134),1,0,35,2,33,0,0,1,0,0,0,0,0,0,0,0,0,0,0,0,-1,0.0,-1,51,0.0,0,0.0,0.0,0,0
672bd07e35ed7a70214c79fcd6b05668fb477f83,metabase,2026-04-03 20:42:29 -0300,Anderson,Metabot AI Controls (#71387),92,36,2351,118,2233,1,0,51,5,3,0,2,0,0,0,0,6,0,138,1,-1,0.0,-1,49,0.0,24,0.4,0.25,1,11
c49a43c8fe693d9712d356e4752dc0bac4206539,metabase,2026-04-03 09:57:23 -0800,John Swanson,support expr with multiple instances of same metric (#71930),2,0,16,12,4,0,0,0,0,0,0,0,0,0,0,0,0,0,0,0,-1,0.0,-1,53,0.0,0,0.0,0.0,0,0
e82a4d027c7ce85f938f2827a009f15db17f0118,metabase,2026-04-03 22:00:46 +0700,Mahatthana (Kelvin) Nomsawadi,Add token renewal mechanism for guest embeds (#71075),39,7,2121,140,1981,1,0,50,4,2,0,1,0,0,0,0,0,1,31,0,-1,0.0,-1,50,0.0,13,0.5,0.1667,1,6
7f785d6c98be44c69d0d56cf3fd6526a5a88e639,metabase,2026-04-03 21:08:36 +0700,Mahatthana (Kelvin) Nomsawadi,Fix flaky metrics-editing.cy.spec.js test (#71983),1,0,2,1,1,0,0,0,0,0,0,0,0,0,0,0,0,0,0,0,-1,0.0,-1,50,0.0,0,0.0,0.0,0,0
207548a86474e7aaea5fffcc20bf3cffdec91543,metabase,2026-04-03 18:52:44 +0700,Timofey Kachalov,Handle multi-touch events to improve pinch-to-zoom functionality on mobile devices for visualizations (#71932),2,0,133,1,132,0,0,5,0,0,0,0,0,0,0,0,0,0,0,0,-1,0.0,-1,48,0.0,0,0.0,0.0,0,1
2a7c8331bef5621ba286a8d154b50f36118d8c77,metabase,2026-04-03 11:17:04 +0200,Sébastien,fix(sdk-bundle): <metabase-question/> in guest embed no longer calls pulseform input (#71885),3,0,114,3,111,0,0,1,0,0,0,0,0,0,0,0,0,0,9,0,-1,0.0,-1,52,0.0,0,0.0,0.0,0,0
63d5eb845ab1d9588426a8a9e4144bb9f4c7a28a,metabase,2026-04-03 15:44:34 +0700,Timofey Kachalov,"fix(sdk,embed-js): Adjust disabled state opacity for EditableText component (#71836)",2,1,11,1,10,0,0,0,0,0,0,0,0,0,0,0,0,0,0,0,-1,0.0,-1,48,0.0,0,0.0,0.0,0,0
cbc40606efe49749236815426f3acf226b4f41e1,metabase,2026-04-02 19:07:14 -0500,Eric Normand,Block database routing when transforms already exist (#71931),4,0,26,3,23,0,0,0,0,0,0,0,0,0,0,0,0,0,0,0,-1,0.0,-1,55,0.0,0,0.0,0.0,0,0
bdda38ff1791c91f2d7b890356f1b8824d32f267,metabase,2026-04-02 14:24:02 -0400,Riley Thompson,Reject multi statement queries (#71573),1,0,1,1,0,0,0,-1,0,0,0,0,0,0,0,0,0,0,0,0,-1,0.0,-1,57,0.0,0,0.0,0.0,0,0
293b99e3217491be0f133865f9b7c9930165c1ff,metabase,2026-04-02 14:21:26 -0400,Aleksandr Lesnenko,fix unnecessary data grid row remounting (#71877),3,2,30,8,22,0,0,1,0,0,0,0,0,0,0,0,0,0,0,0,-1,0.0,-1,56,0.0,0,0.0,0.0,0,0
71b8317b65480922679bbb1f01fd1f171a3a3f6d,metabase,2026-04-02 23:29:09 +0700,Phoomparin Mano,Add MCP apps CORS settings page and settings (#71763),6,4,215,0,215,1,0,2,0,1,2,0,0,0,0,0,2,0,14,0,-1,0.0,-1,58,0.0,3,0.75,2.0,0,0
f01f753ff24fa460b4dde29b6e9af461bb0d7292,metabase,2026-04-02 17:45:16 +0200,Sébastien,fixed translation issue with funnels (#71810),3,2,203,9,194,1,0,5,0,0,0,0,0,0,0,0,0,0,5,0,-1,0.0,-1,54,0.0,0,0.0,0.0,1,4
a6453de48dfff0f6d2edc27bda9ddae402c1d410,metabase,2026-04-02 22:42:56 +0700,Timofey Kachalov,"feat(sdk,embed-js): Add touch device support for collection name description icon (#71762)",2,1,74,0,74,0,0,2,0,0,0,0,0,0,0,0,1,0,9,0,-1,0.0,-1,57,0.0,1,0.0,0.0,0,0
a3ccc35af6ab9c48b948b4761cdf508c57d12f56,metabase,2026-04-02 10:28:56 -0400,Aleksandr Lesnenko,hides overview tab of the metrics pages if no dimensions (#71675),3,2,170,4,166,0,0,2,1,0,0,0,0,0,0,0,0,0,17,0,-1,0.0,-1,51,0.0,0,1.0,0.0,0,2
05ec8451c5ac5b97ed7b668ec18ec7fad9e27a51,metabase,2026-04-02 21:05:52 +0700,Phoomparin Mano,Move CORS settings to OSS and show Security tab in Embedding (#71648),11,7,53,196,-143,0,0,0,0,0,0,0,0,0,0,0,0,0,-10,0,-1,0.0,-1,56,0.0,0,0.0,0.0,0,1
c08d32287479f4cd0b017b9f28e56bdeae190151,metabase,2026-04-02 14:48:13 +0300,github-automation-metabase,Update translations 2026-04-01 (#71841),1,0,3,1,2,0,0,0,0,0,0,0,0,0,0,0,0,0,0,0,-1,0.0,-1,58,0.0,0,0.0,0.0,0,0
beed12ea36bbb3e3b8f5c3c62bc1926cac75d800,metabase,2026-04-02 12:51:56 +0200,Stas Gavrylov,GDGT-2089: Adjust viz settings sidebar styling (#71472),4,4,23,22,1,0,0,0,0,0,0,0,0,0,0,0,0,0,1,0,-1,0.0,-1,54,0.0,-1,0.0,0.0,0,0
23eaffd14af72a488af7ea9187d3b9258cdb3e09,metabase,2026-04-02 11:33:04 +0200,Sébastien,add new-native to mb-question doc (#71890),1,0,2,1,1,0,0,0,0,0,0,0,0,0,0,0,0,0,0,0,-1,0.0,-1,50,0.0,0,0.0,0.0,0,0
0642892b4246dec83ddf31fd9bb6c88f02378766,metabase,2026-04-02 12:42:57 +0530,Nick Fitzpatrick,Adding Details tab to table section (#71722),16,4,239,106,133,1,0,26,0,0,0,0,0,0,0,0,1,0,0,0,-1,0.0,-1,53,0.0,0,0.0,0.0,1,5
0336557161d841705e3825bbe784a664b8c5e9e6,metabase,2026-04-02 14:12:47 +0700,Timofey Kachalov,"feat(sdk,embed-js): Improve touch device support in dropdown components in Notebook Editor (#71562)",7,4,132,13,119,0,0,1,0,0,1,0,0,0,0,0,2,0,8,0,-1,0.0,-1,55,0.0,0,1.0,1.0,0,-2
8c2ca60ccbd0070a77b6334bc1a7da61a7c11297,metabase,2026-04-02 12:38:10 +0700,Timofey Kachalov,Fix duplicated identifiers error (#71883),1,0,0,44,-44,0,0,0,0,0,0,0,0,0,0,0,0,0,0,0,-1,0.0,-1,52,0.0,0,0.0,0.0,0,0
a3340c17a6bf12a0f34028f87424078006439444,metabase,2026-04-02 11:45:00 +0700,Timofey Kachalov,"feat(sdk,embed-js): Improve mobile range selection experience for visualizations (#71374)",7,1,828,37,791,1,0,20,3,0,2,0,0,0,0,0,0,0,17,0,-1,0.0,-1,51,0.0,2,1.6667,0.6667,1,4
43db728f713f09cefd1f06967e151bbb5a9f4426,metabase,2026-04-02 00:39:48 +0200,Nemanja Glumac,Clean up two module violations in metabase api (#71786),13,5,88,93,-5,0,0,0,0,0,0,0,0,0,0,0,0,1,1,0,-1,0.0,-1,52,0.0,0,0.0,0.0,0,2
db1f2bbe755ad201bc3502b87d18272d92e609a7,metabase,2026-04-01 15:37:57 -0400,Alex Yarosh,Update description for logarithm value parameter (#71851),1,0,1,1,0,0,0,0,0,0,0,0,0,0,0,0,0,0,0,0,-1,0.0,-1,51,0.0,0,0.0,0.0,0,0
6d190f1f62359a7c417ea9a608bc4bfb378e0622,metabase,2026-04-01 15:32:56 -0400,Aleksandr Lesnenko,do not suggest city as a geo dimension for tabs with map viz (#71768),6,0,73,34,39,0,0,4,0,0,0,0,0,0,0,0,0,0,3,0,-1,0.0,-1,51,0.0,0,0.0,0.0,0,1
a86098bc575bd71a318dfeb634fa4c251a30ffd7,metabase,2026-04-01 22:12:00 +0530,Nick Fitzpatrick,Rename Data Structure to Tables (#71744),4,0,4,4,0,0,0,0,0,0,0,0,0,0,0,0,0,0,0,0,-1,0.0,-1,51,0.0,0,0.0,0.0,0,0
2aae5c688bee2adc2be850ef7b0c734e1515e94c,metabase,2026-04-01 23:36:55 +0700,Timofey Kachalov,"feat(sdk,embed-js): Enhance getEventTarget to support TouchEvent for improved mobile compatibility when showing a drill ",3,0,231,3,228,1,0,5,0,0,0,0,0,0,0,0,0,0,8,1,-1,0.0,-1,51,0.0,3,0.0,0.0,1,6
6af2a17af7d2929d4d5fb0a1b478fd5b9a663006,metabase,2026-04-01 21:39:41 +0530,Nick Fitzpatrick,Subtract scrollbar with from pivot table header when apropriate (#71654),2,0,33,2,31,0,0,0,0,0,0,0,0,0,0,0,0,0,1,0,-1,0.0,-1,50,0.0,0,0.0,0.0,0,0
6c297776ee32c789759e1d34adc8d98502483098,metabase,2026-04-01 21:38:01 +0530,Nick Fitzpatrick,Skipping GridMapPdfExport loki test (#71833),1,0,3,0,3,0,0,0,0,0,0,0,0,0,0,0,0,0,0,0,-1,0.0,-1,49,0.0,0,0.0,0.0,0,0
a4d498d24777b7e2d65647cdf3f531fb6589021f,metabase,2026-04-01 19:03:47 +0530,Nick Fitzpatrick,add data image check to urlTransform (#71588),4,1,52,1,51,0,0,2,0,0,0,0,0,0,0,0,0,0,2,0,-1,0.0,-1,51,0.0,1,0.0,0.0,0,0
3b4897a341427cfa36f5601b3dbe3e1d2cfd34ed,metabase,2026-04-01 19:03:31 +0530,Nick Fitzpatrick,show error message on remote sync pull changes or branches error (#71668),6,5,72,6,66,0,0,3,0,0,0,0,0,0,0,0,0,0,0,0,-1,0.0,-1,50,0.0,0,0.0,0.0,1,3
fdb8d17d50ef318bc0df84b4904128eee4a6e812,metabase,2026-04-01 17:08:24 +0530,Nick Fitzpatrick,Revert April Fools Joke (#71801),3,2,0,449,-449,0,0,-11,0,0,0,0,0,0,0,0,0,0,-9,0,-1,0.0,-1,51,0.0,-4,0.0,0.0,0,-1
efc354420f9e77b405e5f01a0c30fb4918406567,metabase,2026-04-01 15:59:39 +0700,Timofey Kachalov,"feat(SDK, EmbedJS): Add touch support for Popover targets to improve mobile usability (#71484)",4,2,98,5,93,0,0,0,0,0,0,0,0,0,0,0,0,0,9,0,-1,0.0,-1,51,0.0,0,0.0,0.0,0,0
686087f2ec2f97e5f365ca591def3ddec4ca7d7a,metabase,2026-03-31 15:36:42 -0500,Sloan Sparger,[Metabot] Fix Admin AI sidebar disappearing (#71597),6,6,463,472,-9,1,0,0,3,0,0,1,0,0,0,0,2,0,0,0,-1,0.0,-1,56,0.0,1,2.0,0.3333,1,4
0f42846b53131afc05f11cc06b4af928817e8bb1,metabase,2026-04-01 08:47:17 +1300,Fraser,Clean UI utils and component violations (#71465),118,83,557,244,313,1,0,9,0,0,0,0,0,0,0,0,0,0,-52,0,-1,0.0,-1,56,0.0,2,0.0,0.0,1,7
5886b7b7c69834d02482dc206c8da885a105d478,metabase,2026-03-31 12:50:00 -0600,Ryan Laurie,Fix metabot padding (#71680),3,2,449,0,449,1,0,11,2,6,0,0,0,0,0,0,4,0,9,0,-1,0.0,-1,56,0.0,4,1.6,0.0,1,10
aa84a83fbaf803542ced31e375b19dddaa52fc0c,metabase,2026-03-31 13:21:13 -0500,Sloan Sparger,[Metabot] Remove metabot v3 token feature (#71600),8,2,4,29,-25,0,0,0,0,0,0,0,0,0,0,0,0,0,-3,0,-1,0.0,-1,57,0.0,0,0.0,0.0,0,0
400a33e4ef07958f3ce351dcbe09ef657948cca7,metabase,2026-03-31 12:17:12 -0500,Sloan Sparger,[Metabot] Hide embedded settings if embedding is not available (#71594),4,4,105,7,98,0,0,1,1,0,0,0,0,0,0,0,0,0,5,0,-1,0.0,-1,55,0.0,0,1.0,0.0,0,2
01af8eb57f6c09b2f2958a64974debd9aef4fc2a,metabase,2026-03-31 19:38:54 +0530,Nick Fitzpatrick,updating styling for Database Destination Connection Modal (#71586),4,3,48,37,11,0,0,0,0,0,0,0,0,0,0,0,0,0,0,0,-1,0.0,-1,55,0.0,0,0.0,0.0,0,0
d825c4dab3151e13ad15db7ff828846bab330bad,metabase,2026-03-31 09:41:56 -0400,Kevin Kelleher,Metrics home page and viewer cleanup (#71514),13,8,76,33,43,0,0,3,0,0,0,1,0,0,0,0,0,0,6,0,-1,0.0,-1,57,0.0,0,1.0,1.0,0,1
214f776ad4b78358855fde7ecbdf2d7c02d864c8,metabase,2026-03-31 07:13:57 -0400,Kevin Kelleher,Metrics explorer dimension picker and tab creation fixes (#71536),8,2,156,147,9,0,0,-3,0,0,0,1,0,0,0,0,0,0,3,0,-1,0.0,-1,56,0.0,0,1.0,1.0,0,-2
f922a585201cffb39d6ca2454e9f52b79c99b6d9,metabase,2026-03-31 16:02:41 +1300,Fraser,Clean dead code (#71463),74,13,11,1034,-1023,0,0,-43,0,0,0,0,0,0,0,0,0,0,-16,0,-1,0.0,-1,57,0.0,-22,0.0,0.0,0,1
b2a016926e32bc2b6af95b9ac01bb8df1eae9809,metabase,2026-03-31 13:53:24 +1300,Fraser,Push shared redux actions down (#71130),92,40,671,426,245,1,0,3,0,0,1,0,0,0,0,0,0,1,33,0,-1,0.0,-1,58,0.0,-2,0.3333,1.0,1,4
a9f7e0504a817e6642459c284a51a42c8ab2ab53,metabase,2026-03-30 16:01:28 -0700,Maz Ameli,Change label for stacked series setting (#71541),2,0,2,2,0,0,0,0,0,0,0,0,0,0,0,0,0,0,0,0,-1,0.0,-1,57,0.0,0,0.0,0.0,0,0
610ff28b803efb5163809d9fb2b9511b2d2c7f28,metabase,2026-03-30 21:26:39 +0200,Nemanja Glumac,Fix a collection picker flake in cross-version tests (#71599),4,0,13,15,-2,0,0,0,0,0,0,0,0,0,0,0,0,0,0,0,-1,0.0,-1,55,0.0,0,0.0,0.0,0,0
b56c33b6be7a896504e6e11448babb5240d0af8a,metabase,2026-03-30 23:40:08 +0530,Nick Fitzpatrick,adjust styling on parameter placeholders (#71577),5,4,51,2,49,0,0,0,0,0,0,0,0,0,0,0,0,0,0,0,-1,0.0,-1,55,0.0,2,0.0,0.0,0,0
a14c0b00b90db7f3bffa24ed60dd148894e50376,metabase,2026-03-30 23:39:46 +0530,Nick Fitzpatrick,don't recompute sensible chart groupings while sidebar is mounted (#71563),3,3,63,6,57,0,0,1,0,0,0,0,0,0,0,0,0,0,5,0,-1,0.0,-1,54,0.0,0,0.0,0.0,0,0
94cdeffdab19bbd52fb3e74a2229b1ba8e847847,metabase,2026-03-30 12:55:14 -0500,Eric Normand,Fix field filter dropdowns for users without create-queries permission GHY-1605 (#71046),3,0,20,7,13,0,0,1,0,0,0,0,0,0,0,0,0,0,1,0,-1,0.0,-1,57,0.0,0,0.0,0.0,0,0
65d66d28871e66773f566d371a8892b0d803396e,metabase,2026-03-30 15:36:05 +0200,Sébastien,No request to pulse if user canot manage subscriptions (#71575),3,2,73,10,63,0,0,4,0,0,0,0,0,0,0,0,0,0,5,0,-1,0.0,-1,56,0.0,0,0.0,0.0,0,1
a1c39830376fd7bb7b660ce1b9be39a45e089443,metabase,2026-03-30 20:26:33 +0700,Mahatthana (Kelvin) Nomsawadi,Fix flaky test (#71623),1,0,5,4,1,0,0,0,0,0,0,0,0,0,0,0,0,0,0,0,-1,0.0,-1,55,0.0,0,0.0,0.0,0,0
cc486a476e996aaa1d9a1270b7294c9a8b9627c9,metabase,2026-03-30 22:01:47 +1300,Fraser,Lift dashboard only visualizations (#71271),35,8,36,22,14,0,0,0,0,0,0,0,0,0,0,0,0,0,4,0,-1,0.0,-1,56,0.0,0,0.0,0.0,0,2
ad4dfb41b158f59091585bca82609c97d7f83956,metabase,2026-03-27 18:34:25 -0400,Alexander Polyankin,Fix typo in transform database validation messages (#71596),2,0,67,3,64,0,0,0,0,0,0,0,0,0,0,0,0,0,2,0,-1,0.0,-1,58,0.0,0,0.0,0.0,0,0
334ed1fe422acc2a8dedc71368aa1a31c6b22243,metabase,2026-03-27 12:53:02 -0500,Sloan Sparger,[Metabot] Hide metabot feedback buttons on non-hosted instances (#71539),5,2,32,13,19,0,0,2,0,0,0,0,0,0,0,0,0,0,2,0,-1,0.0,-1,55,0.0,0,0.0,0.0,0,0
8e79105b9b71f93ef018275f42aa3bc2fb0b29ca,metabase,2026-03-27 12:52:53 -0500,Sloan Sparger,[Metabot] Temporary removal of analyze chart button on dashboard page (#71540),1,1,1,29,-28,0,0,-1,0,0,0,0,0,0,0,0,0,0,-3,0,-1,0.0,-1,54,0.0,0,0.0,0.0,0,0
92cd3f6cbf1a8644a18aeb39e7804868bb2c19a1,metabase,2026-03-27 11:23:51 -0600,Ryan Laurie,Converts some tests to ts (#71520),2,2,65,20,45,0,0,0,0,0,0,0,0,0,0,0,0,0,1,0,-1,0.0,-1,53,0.0,0,0.0,0.0,0,0
c4a27f18d34cdf608726027ea33f361dccd24078,metabase,2026-03-27 15:24:32 +0100,Nicolò Pretto,"embedding-hub: preserve ""Select data"" state + reset next steps after changing data segregation strategy (#71368)",7,5,208,49,159,1,0,3,0,1,2,0,0,0,0,0,1,0,6,0,-1,0.0,-1,57,0.0,0,3.0,2.0,1,3
811e4466b2c2ea1b950bd25bab62f6a9ab1d1076,metabase,2026-03-27 21:24:18 +0700,Phoomparin Mano,Update in-app JWT onboarding to use snippets instead of iframes (#70475),5,1,92,16,76,0,0,3,0,0,0,0,0,0,0,0,0,0,3,0,-1,0.0,-1,59,0.0,1,0.0,0.0,0,1
31905eaba4495e2695c5e706d34f3c1e3120dc63,metabase,2026-03-27 11:02:22 +0100,lbrdnk,Add 60 to version-helpers.ts (#71480),1,0,1,0,1,0,0,0,0,0,0,0,0,0,0,0,0,0,0,0,-1,0.0,-1,52,0.0,0,0.0,0.0,0,0
a0a14a42d3e7df58270d819df779bc11ca2ee651,metabase,2026-03-27 09:55:04 +0100,Nicolò Pretto,scroll to top on page change in admin settings (#71369),2,1,15,0,15,0,0,0,1,0,0,0,0,0,0,0,0,0,2,0,-1,0.0,-1,50,0.0,0,1.0,0.0,0,2
e9bc4ac447fa33540903b560da16d78eb6209466,metabase,2026-03-27 08:16:10 +0100,Nemanja Glumac,Notify Slack on cross-version test failures (#71491),3,0,243,0,243,1,0,8,0,0,0,0,0,0,0,0,0,0,2,0,-1,0.0,-1,46,0.0,1,0.0,0.0,1,5
a57a1c0ab8fb408715fe8767d512e6e2419c62fe,metabase,2026-03-27 09:59:12 +0530,Nick Fitzpatrick,preserve navbar status in the url update at the end of handleQBInit (#71505),3,0,22,1,21,0,0,0,0,0,0,0,0,0,0,0,0,0,0,0,-1,0.0,-1,51,0.0,0,0.0,0.0,0,0
bee30e64230b5a5f335a4f562e2b66a5d6f7f99b,metabase,2026-03-27 09:50:52 +0530,Nick Fitzpatrick,Uxw 3355 page titles not in sync with data studio tabs (#71401),21,0,468,447,21,1,0,0,0,2,2,9,0,0,0,0,10,0,8,0,-1,0.0,-1,49,0.0,1,6.5,5.5,0,2
281aa0dc12f537412189b09b2eeacecec4ad64ff,metabase,2026-03-27 09:48:40 +0530,Nick Fitzpatrick,decrease font size in click behavior sidebar (#71519),2,2,10,4,6,0,0,0,0,0,0,0,0,0,0,0,0,0,0,0,-1,0.0,-1,48,0.0,0,0.0,0.0,0,0
14bd0853f6288b02645d194f29eb182730d38189,metabase,2026-03-27 09:48:20 +0530,Nick Fitzpatrick,set line height to 'normal' for textareas (#71498),1,1,3,0,3,0,0,0,0,0,0,0,0,0,0,0,0,0,0,0,-1,0.0,-1,47,0.0,0,0.0,0.0,0,0
8be374db14a0114a7bc0d5184e54e2ae72d4e922,metabase,2026-03-27 13:59:05 +1100,Romeo Van Snick,Convert query builder redux store to ts (#71063),33,14,1196,978,218,1,0,10,0,0,0,0,0,0,0,0,0,0,9,1,-1,0.0,-1,56,0.0,15,0.0,0.0,1,9
1b26236cf1fa2e6a3148148fd343c44ff241b3a3,metabase,2026-03-26 16:34:54 -0300,Anderson,Do not show JWT shared secret as plaintext after it is saved (#71165),14,9,494,163,331,1,0,3,0,0,1,0,0,0,0,0,4,0,10,0,-1,0.0,-1,40,0.0,6,0.1429,1.0,1,6
55df67b632831e4b6161e0d5ee8126f79c876239,metabase,2026-03-27 00:14:41 +0530,Nick Fitzpatrick,Update Value normalization / collapsing in ChartSettingInputNumeric.tsx (#71440),2,2,132,11,121,0,0,4,0,0,2,1,0,0,0,0,0,0,0,0,-1,0.0,-1,45,0.0,0,3.0,3.0,0,-2
92c07ddea1d3d76c522479b056a7461621185fe6,metabase,2026-03-26 17:23:19 +0100,Nicolò Pretto,hide sample db from embedding onboarding picker (#71304),2,1,124,90,34,0,0,0,0,0,0,0,0,0,0,0,0,0,0,0,-1,0.0,-1,43,0.0,1,0.0,0.0,0,0
3dd99b6494317b97c45292c26a3fa9483f486273,metabase,2026-03-26 17:20:53 +0100,Sébastien,Fixed flaky custom elements api <metabase-question> test (#71500),1,0,9,1,8,0,0,1,0,0,0,0,0,0,0,0,0,0,0,0,-1,0.0,-1,42,0.0,0,0.0,0.0,0,0
0cc35ac8768370375de9358e505eac95c4f25429,metabase,2026-03-26 16:59:33 +0100,Sébastien,Sprinkled upsell gems in embed wizard (#71076),4,4,169,8,161,0,0,5,0,0,0,0,0,0,0,0,0,0,1,0,-1,0.0,-1,41,0.0,0,0.0,0.0,0,1
617ca0f5f098cae336d1891aeff2d37e31899e52,metabase,2026-03-26 11:13:37 -0400,Kevin Kelleher,Fix boolean cartesian charts defaulting to timeseries axis (#71486),2,0,11,2,9,0,0,0,0,0,0,0,0,0,0,0,0,0,0,1,-1,0.0,-1,39,0.0,0,0.0,0.0,0,2
607fb9ba58cd9d540f3498a28c8407db4fe20245,metabase,2026-03-26 06:46:59 -0800,John Swanson,Hide destination DBs from permissions (#71395),4,0,18,1,17,0,0,0,0,0,0,0,0,0,0,0,0,0,0,0,-1,0.0,-1,36,0.0,0,0.0,0.0,0,0
366c74c02eabdf6248160ba4173a82eff25c09df,metabase,2026-03-26 17:44:00 +0700,Timofey Kachalov,Support entityId for guest embedded questions (#71246),7,0,42,27,15,0,0,2,0,0,0,0,0,0,0,0,0,0,1,0,-1,0.0,-1,44,0.0,0,0.0,0.0,0,0
1511899a7edf4f78139b6e3acdfce36e15483cf3,metabase,2026-03-26 11:08:04 +0100,Sébastien,Implement proper column width measurement for custom font sizes (#71407),8,5,215,8,207,1,0,4,0,0,0,0,0,0,0,0,0,3,2,1,-1,0.0,-1,38,0.0,1,0.0,0.0,1,9
ddba65c3680d433ff2cf5b0a1e24a4479e9cb22b,metabase,2026-03-26 09:13:57 +0100,Nemanja Glumac,Add E2E (questions) tests on top of the cross-version automation (#70190),16,0,1105,0,1105,1,0,9,0,0,0,0,0,0,0,0,0,0,18,0,-1,0.0,-1,37,0.0,5,0.0,0.0,1,5
1132bfd402c0dfb4044aa4e467727e6010ce5af4,metabase,2026-03-25 23:05:51 -0400,Aleksandr Lesnenko,New Metric Home page (#71055),164,59,3995,1649,2346,1,0,31,0,3,3,15,0,0,0,0,13,0,210,1,-1,0.0,-1,35,0.0,27,0.75,6.0,1,9
37f3a018383b7516c182a2172ffeaab07f8858db,metabase,2026-03-25 20:49:07 -0300,Maksym Yakubych,[Metabot] Bring your own keys (#70714),72,35,1780,2644,-864,1,0,-25,4,0,1,5,0,0,0,0,0,0,-69,0,-1,0.0,-1,33,0.0,-9,1.0,1.5,1,3
8b5224136be5272b7480e857e2609220b68041d3,metabase,2026-03-25 20:11:22 +0000,Egor Grushin,Cypress bail (#71420),2,0,25,2,23,0,0,1,0,0,0,0,0,0,0,0,0,0,0,0,-1,0.0,-1,32,0.0,0,0.0,0.0,0,0
274b7de269166d04103a56d34669c956037ecb46,metabase,2026-03-25 09:48:29 -0700,appleby,Remove dangling reference to use-native-agent setting in e2e tests (#71437),1,0,0,2,-2,0,0,0,0,0,0,0,0,0,0,0,0,0,0,0,-1,0.0,-1,21,0.0,0,0.0,0.0,0,0
a0bea40dabf79f7d63b87ae6955fc82d5fe11dca,metabase,2026-03-25 17:33:12 +0100,Stas Gavrylov,GDGT-1755: Migrate common components from deprecated Popover to Mantine Popover (#70503),20,17,396,866,-470,1,0,-35,1,2,1,0,0,0,0,0,4,0,-19,0,-1,0.0,-1,30,0.0,-5,0.6667,0.3333,1,4
25765054659bed68a007651f4b7734c9a10a0fe8,metabase,2026-03-25 17:04:32 +0100,Nicolò Pretto,fix flaky test in embedding hub (#71434),1,0,8,1,7,0,0,1,0,0,0,0,0,0,0,0,0,0,0,0,-1,0.0,-1,29,0.0,0,0.0,0.0,0,0
9f5298fa9ab94480b20688d440e86430def09558,metabase,2026-03-25 21:27:23 +0530,Nick Fitzpatrick,"Update TablePicker when users publish/unpublish tables, change name (#70954)",10,8,130,23,107,0,0,3,0,0,1,0,0,0,0,0,1,0,1,0,-1,0.0,-1,34,0.0,0,1.0,1.0,0,1
07f25c0cc79556b5a97aff67be64d3425f60943a,metabase,2026-03-25 10:59:01 -0400,Kevin Kelleher,Allow changing conditional formatting to color range when rule condition is set (#71079),4,4,20,4,16,0,0,2,0,0,0,0,0,0,0,0,0,0,0,0,-1,0.0,-1,22,0.0,0,0.0,0.0,0,0
cfb3ab406c109ed13eda71a0d2b88ec4f3d9cd52,metabase,2026-03-25 15:52:01 +0100,Nicolò Pretto,Implement SSO setup checklist locking for steps 2 and 3 until JWT is configured (#71345),2,2,156,4,152,0,0,0,0,1,0,1,0,0,0,0,1,0,9,0,-1,0.0,-1,28,0.0,0,2.0,1.0,0,-2
a4db64b01b6765a79f7aabb34072d12dc75d521e,metabase,2026-03-25 14:21:55 +0000,Egor Grushin,"GDGT-2017 write watermark to the DB before setting ""succeed"" status t… (#71334)",1,0,1,13,-12,0,0,-1,0,0,0,0,0,0,0,0,0,0,0,0,-1,0.0,-1,26,0.0,0,0.0,0.0,0,0
311b735ae5d334f3c06660a0dae121ac21c95624,metabase,2026-03-25 15:33:26 +0200,Oleksandr Solovyov,clean up references to ai-service (#71353),6,0,0,94,-94,0,0,0,0,0,0,0,0,0,0,0,0,0,-5,0,-1,0.0,-1,27,0.0,0,0.0,0.0,0,-1
178ecbaeef700ca787e11a68ef9833cd9feeb1b1,metabase,2026-03-25 13:22:25 +0100,Sébastien,fixed flaky (#71405),1,0,7,2,5,0,0,0,0,0,0,0,0,0,0,0,0,0,0,0,-1,0.0,-1,24,0.0,0,0.0,0.0,0,0
5ac346612faf73b0cb3dd60dc5d4107ac69ecdf8,metabase,2026-03-25 17:36:41 +0530,Nick Fitzpatrick,Small positioning adjustments to the data studio nav bar (#71379),2,1,13,8,5,0,0,0,0,0,0,0,0,0,0,0,0,0,0,0,-1,0.0,-1,31,0.0,0,0.0,0.0,0,0
2ace0b69c17bae97475af26917946e3703178126,metabase,2026-03-25 11:04:46 +0200,Chris Truter,Built-in MCP server (#70787),2,0,39,1,38,0,0,3,0,0,0,0,0,0,0,0,0,0,1,0,-1,0.0,-1,23,0.0,1,0.0,0.0,0,1
6b8d7846ded687904a1de1a1b1252d1d9287972c,metabase,2026-03-25 14:19:32 +0530,Nick Fitzpatrick,Update response on set token with network error (#70959),2,1,27,2,25,0,0,1,0,0,0,0,0,0,0,0,0,0,0,0,-1,0.0,-1,25,0.0,0,0.0,0.0,0,0
1fbe726c08585313f1d0017fbe4ac49c3808b333,metabase,2026-03-24 15:05:33 -0300,Anderson,Fix ARIA grid role hierarchy in DataGrid for accessibility compliance (#70978),23,6,150,90,60,0,0,1,0,0,0,0,0,0,0,0,0,0,0,1,-1,0.0,-1,16,0.0,0,0.0,0.0,1,4
446de63944fdc2f34259ce6547999712a44370ae,metabase,2026-03-24 16:18:41 +0100,Nicolò Pretto,"feat(embedding-hub): add ""copy dashboard to shared tenant collection"" step (#70726)",6,4,575,6,569,1,0,10,0,1,4,0,0,0,0,0,2,0,24,0,-1,0.0,-1,18,0.0,4,1.0,4.0,0,2
b42c2f66052369aae0400c2345b1ed05881380d3,metabase,2026-03-24 09:45:34 -0400,Braden Shepherdson,[QP] Override `LIMIT` for pivot queries to ensure consistent results (#71033),3,0,34,0,34,0,0,2,0,0,0,0,0,0,0,0,0,0,0,0,-1,0.0,-1,12,0.0,0,0.0,0.0,0,0
cfa96f3fe052cc045d212de75688d91f23acae6d,metabase,2026-03-24 18:46:31 +0530,Nick Fitzpatrick,Catch drag events on Dashcard placeholders (#71274),2,0,82,23,59,0,0,0,0,0,0,0,0,0,0,0,1,0,0,0,-1,0.0,-1,20,0.0,0,0.0,0.0,0,0
aee64c60470c085d87d0530c78a49ed3e54e9359,metabase,2026-03-24 17:30:47 +0700,Kamil Mielnik,"GDGT-1869 Remove ""as VisualizationSettingsDefinitions"" casts (#71217)",29,4,415,377,38,1,0,9,0,0,0,0,0,0,0,0,0,0,8,0,-1,0.0,-1,19,0.0,-2,0.0,0.0,1,5
41ca038f67e2bb92fb174e8b4ca4aefb268236ea,metabase,2026-03-24 10:09:27 +0100,Nicolò Pretto,feat(embedding hub): add ability to hide sidebar for some pages (#71278),2,0,54,1,53,0,0,1,0,0,0,0,0,0,0,0,0,0,5,0,-1,0.0,-1,13,0.0,2,0.0,0.0,0,0
c8cb9c2f0403924759b10485db66e27f7ef7c693,metabase,2026-03-24 14:17:29 +1100,Romeo Van Snick,Remove sync buttons for managed cloud databases (#71203),7,7,76,37,39,0,0,0,0,0,0,0,0,0,0,0,1,0,0,0,-1,0.0,-1,15,0.0,0,0.0,0.0,0,2
b8c90cdfbe755887d8a8db9a42df6ea44f1a08b3,metabase,2026-03-24 15:24:34 +1300,Fraser,Push shared files down from feature modules (#71137),79,46,686,697,-11,1,0,0,0,0,0,0,0,0,0,0,0,0,22,0,-1,0.0,-1,17,0.0,0,0.0,0.0,1,5
0ab5a0f603ecc5aa44ffc4a14d22a2c6451b9c15,metabase,2026-03-24 11:59:52 +1100,Romeo Van Snick,Fix parameter tags reordering in the presence of snippet tags (#71209),2,0,53,3,50,0,0,0,0,0,0,0,0,0,0,0,0,0,0,0,-1,0.0,-1,14,0.0,0,0.0,0.0,0,0
8f9282dca17ae2258e93d264d7594c042faf5ffd,metabase,2026-03-23 20:39:09 -0400,Riley Thompson,Don't generate join alias that matches source table name (#70876),2,0,7,7,0,0,0,0,0,0,0,0,0,0,0,0,0,0,0,0,-1,0.0,-1,8,0.0,0,0.0,0.0,0,0
c8560d82518723360af70e1ac638c7f085253b75,metabase,2026-03-23 17:59:16 -0600,bryan,Models to transforms (#70735),131,76,2050,879,1171,1,0,23,2,5,1,2,0,0,1,0,7,0,122,0,-1,0.0,-1,7,0.0,20,0.4762,0.5714,1,5
c2ad36cccbd38f5e35e2712d5608e92096c8a8c7,metabase,2026-03-23 23:30:50 +0200,Oleksandr Solovyov,move ee/llm into oss (#71068),187,75,1233,1680,-447,1,0,-3,1,1,6,3,2,0,0,0,3,0,-59,0,-1,0.0,-1,11,0.0,-4,2.6,4.5,0,1
76b01b772bbff1fd2dfe99bc161328b8ba54dfef,metabase,2026-03-23 23:20:34 +0200,Chris Truter,Define additional metrics for release monitoring (#71237),5,2,19,10,9,0,0,2,0,0,0,0,0,0,0,0,0,0,2,0,-1,0.0,-1,10,0.0,1,0.0,0.0,0,0
1827c0c37de27202e00dd3fa5b258245c2b59c25,metabase,2026-03-23 16:48:56 +0100,Sébastien,Fixed dancing MB (#71211),3,1,14,10,4,0,0,0,0,0,0,0,0,0,0,0,0,0,0,0,-1,0.0,-1,6,0.0,0,0.0,0.0,0,0
4c4c049ac8267ccb774bf10a0974cb68ebec3428,metabase,2026-03-23 13:13:42 +0100,Jakub Chodorowicz,update copy and styling of table variable select (#71101),5,5,52,38,14,0,0,0,0,0,0,0,0,0,0,0,0,0,5,0,-1,0.0,-1,3,0.0,1,0.0,0.0,0,2
38fa86db3f16f3ff8f88ff936137cb9a37774d27,metabase,2026-03-23 07:38:27 -0400,Kevin Kelleher,Fix scatter plot flicker on hover (#71036),1,0,1,0,1,0,0,0,0,0,0,0,0,0,0,0,0,0,0,0,-1,0.0,-1,0,0.0,0,0.0,0.0,0,0
a49e97237f702befba33c68b0f6b1017ee78f626,metabase,2026-03-23 11:12:55 +0100,Nicolò Pretto,add ability to hide Our analytics in MiniPicker and hide it in the table picker in the embedding setup (#70920),4,3,41,19,22,0,0,0,0,0,0,0,0,0,0,0,1,0,1,0,-1,0.0,-1,2,0.0,0,0.0,0.0,0,0
f1c36719aabb55d1945c3dcce79d65161c9bca48,metabase,2026-03-23 22:22:12 +1300,Fraser,Move shared query_builder logic to querying (#71129),195,174,276,258,18,1,0,0,0,0,0,0,0,0,0,0,0,0,-4,0,-1,0.0,-1,9,0.0,0,0.0,0.0,1,5
292a66771713bf0f35af76c6c94819d1122312a3,metabase,2026-03-23 10:02:28 +0100,Sébastien,Fixes a loki flaky (#71225),2,0,33,13,20,0,0,4,0,0,0,0,0,0,0,0,0,0,0,0,-1,0.0,-1,1,0.0,0,0.0,0.0,0,1
361549c5af96a058b92bcd250ca7e45aa39195c5,metabase,2026-03-23 14:25:07 +0700,Kamil Mielnik,"GDGT-2024 Consolidate ChartSettingsWidget's `noPadding`, `marginBottom`, and `borderBottom` (#71154)",14,3,83,65,18,0,0,-1,0,0,0,0,0,0,0,0,0,0,0,0,-1,0.0,-1,4,0.0,0,0.0,0.0,0,0
c009e259070b83d821858b02b0bb086743f83ab3,metabase,2026-03-23 16:21:20 +1100,Romeo Van Snick,Fix timeline form icon input (#71199),4,2,54,11,43,0,0,0,0,0,0,0,0,0,0,0,0,0,4,0,-1,0.0,-1,5,0.0,1,0.0,0.0,0,0
208a0be7d31c57bc2b7b65a78f722c1bb3b5d8be,discourse,2026-04-07 23:51:13 +0800,Natalie Tay,FIX: Ensure saving saves 'show original' user preference (#39135),1,0,1,0,1,0,0,0,0,0,0,0,0,0,0,0,0,0,0,0,-1,0.0,-1,34,0.0,0,0.0,0.0,0,0
4359fd7c75d13962779596aa5a1fa27d33b67e23,discourse,2026-04-07 16:46:17 +0200,chapoi,DEV: Split mobile chat unread indicators by current vs other channels (#39115),3,0,31,36,-5,0,0,5,0,0,0,0,0,0,0,0,0,0,0,0,-1,0.0,-1,34,0.0,0,0.0,0.0,0,1
cd6427203c4f7b4e92f73493c95b9c982e49453f,discourse,2026-04-07 21:37:20 +0800,Natalie Tay,FEATURE: A dedicated 'show original' user preferences saved to user options (#39128),2,0,7,1,6,0,0,0,0,0,0,0,0,0,0,0,0,0,0,0,-1,0.0,-1,34,0.0,0,0.0,0.0,0,0
3f44441c54a7c6feadea2137c5509949a8013321,discourse,2026-04-07 15:10:36 +0800,Alan Guo Xiang Tan,FIX: Pin date validation in feature topic modal (#39059),1,0,39,0,39,0,0,1,0,0,0,0,0,0,0,0,0,0,0,0,-1,0.0,-1,33,0.0,0,0.0,0.0,0,0
cf2f1a7f045493b68fa436846a018d4c0e16ccba,discourse,2026-04-07 14:45:49 +0800,Natalie Tay,UX: Show graph by default and compact (#39123),2,0,11,9,2,0,0,0,0,0,0,0,0,0,0,0,0,0,0,0,-1,0.0,-1,32,0.0,0,0.0,0.0,0,0
2ec93c6f56398fed17fd5cbcfdb8cd7c0f15a026,discourse,2026-04-07 14:09:51 +1000,Sam,FEATURE: Allow acting on all bookmarks in topic footer buttons (#39063),3,0,18,10,8,0,0,0,0,0,0,0,0,0,0,0,0,0,1,0,-1,0.0,-1,33,0.0,0,0.0,0.0,0,0
b617df4fbd396185b2db88333f747b34fcc189f6,discourse,2026-04-07 11:57:33 +0800,Natalie Tay,FEATURE: Cache data explorer responses by query and param for quick results (#39118),2,0,31,6,25,0,0,2,0,0,0,0,0,0,0,0,0,0,0,0,-1,0.0,-1,32,0.0,0,0.0,0.0,0,0
c6db6c880c50350f94fb8d046653213d7a5bb89d,discourse,2026-04-07 10:41:16 +0800,Alan Guo Xiang Tan,FEATURE: Support group based category posting review modes (#38707),3,0,9,0,9,0,0,0,0,0,0,0,0,0,0,0,0,0,0,0,-1,0.0,-1,31,0.0,1,0.0,0.0,0,0
8b1ec5a1b0fd8cdf935e183d8cca5e2f1ab4235c,discourse,2026-04-06 14:08:46 -0300,Rafael dos Santos Silva,FEATURE: Locale-specific emoji search aliases (#39089),1,0,1,6,-5,0,0,0,0,0,0,0,0,0,0,0,0,0,0,0,-1,0.0,-1,34,0.0,0,0.0,0.0,0,0
950b43006f9ede06878cdf7f6499f9fd046d889c,discourse,2026-04-06 23:51:13 +0800,Natalie Tay,UX: Dedicated page when viewing/editing a particular query (#39114),8,0,6,12,-6,0,0,0,0,0,0,0,0,0,0,0,0,0,0,0,-1,0.0,-1,31,0.0,0,0.0,0.0,0,0
438ef325e8f32654538d52b473d8588cc47a17fc,discourse,2026-04-06 10:09:33 -0400,Kris,UX: create combined category and tag settings dropdown (#39099),2,1,88,0,88,0,0,2,0,0,0,0,0,0,0,0,0,0,7,0,-1,0.0,-1,36,0.0,0,0.0,0.0,0,0
0148a834e52297ecc59f3d18054344338f811228,discourse,2026-04-06 10:08:54 -0400,Kris,"UX: improve ""back to forum"" tracking for AI conversations (#39098)",1,0,5,2,3,0,0,0,0,0,0,0,0,0,0,0,0,0,0,0,-1,0.0,-1,35,0.0,0,0.0,0.0,0,0
860a7acea3df3e37b5b4cdcbb1effd609269d559,discourse,2026-04-05 18:32:12 +0800,Natalie Tay,DEV: Restore tag-info model for frontend (#39101),3,0,43,0,43,0,0,0,0,0,0,0,0,0,0,0,0,0,7,0,-1,0.0,-1,34,0.0,0,0.0,0.0,0,0
97400099a5ca6fbc247dc93d9a575d3750f7425d,discourse,2026-04-04 23:57:46 +0800,Natalie Tay,FEATURE: AI-generated queries using user-filled descriptions (#39095),4,0,105,10,95,0,0,6,0,0,0,0,0,0,0,0,0,0,1,0,-1,0.0,-1,33,0.0,2,0.0,0.0,0,2
7cd42d7ba0477ad5fd77d9de51397cd35f8a13a6,discourse,2026-04-03 14:50:37 +0300,Osama Sayegh,"Revert ""UX: improve ""back to forum"" tracking for AI conversations (#38994)"" (#39096)",1,0,2,5,-3,0,0,0,0,0,0,0,0,0,0,0,0,0,0,0,-1,0.0,-1,31,0.0,0,0.0,0.0,0,0
3944aaa367582e8b13289440be12599eddf157a3,discourse,2026-04-03 18:22:12 +0800,Natalie Tay,UX: Data explorer has a new query page (#39094),6,0,65,60,5,0,0,-2,0,0,0,0,0,0,0,0,0,0,7,0,-1,0.0,-1,32,0.0,0,0.0,0.0,0,0
8cf063758300a9ad7ab503ffb13cc12c6e2a66ce,discourse,2026-04-03 13:59:06 +0800,Natalie Tay,DEV: Add the ability to register an AI module for data explorer (#38891),1,0,0,2,-2,0,0,0,0,0,0,0,0,0,0,0,0,0,0,0,-1,0.0,-1,30,0.0,0,0.0,0.0,0,0
d88286f726627c69d170f1996bfe7e23bde1be3c,discourse,2026-04-02 20:13:54 +0200,Régis HANOL,DEV: add delayed-hover trigger to float-kit (#39080),3,0,59,0,59,0,0,5,0,0,0,0,0,0,0,0,0,0,2,0,-1,0.0,-1,33,0.0,0,0.0,0.0,0,1
0b37b99fdea1629f52e7f297780fcb0f5c7e0893,discourse,2026-04-02 16:56:19 +0100,David Taylor,FEATURE: Allow changing source repo/branch/key for theme after installation (#38169),1,0,13,0,13,0,0,0,0,0,0,0,0,0,0,0,0,0,1,0,-1,0.0,-1,29,0.0,0,0.0,0.0,0,0
a6024a81a5b67e9bef0bf5966486559947bc976d,discourse,2026-04-02 17:38:06 +0400,David Battersby,FIX: new group without page refresh (#39075),2,0,61,1,60,0,0,0,0,0,0,0,0,0,0,0,0,0,1,0,-1,0.0,-1,31,0.0,0,0.0,0.0,0,0
6e2f67c2a09eca049766c0961cc22ff5f493ab0c,discourse,2026-04-02 15:19:57 +0200,Régis HANOL,FIX: Parse RRULE before building Google Calendar URL (#39074),2,0,28,1,27,0,0,3,0,0,0,0,0,0,0,0,0,0,0,0,-1,0.0,-1,29,0.0,0,0.0,0.0,0,1
a1640393224eb27052fb2a3cc54fad07c46af703,discourse,2026-04-02 17:04:39 +0400,David Battersby,FIX: composer rollback on failed post update (#39071),2,0,24,1,23,0,0,0,0,0,0,0,0,0,0,0,0,0,0,0,-1,0.0,-1,30,0.0,0,0.0,0.0,0,0
5f0d95e1f11a9cb5acbe8c7a61142400fc506f06,discourse,2026-04-02 17:52:30 +0800,Natalie Tay,FEATURE: Tags get a dedicated settings page (#39057),6,0,17,357,-340,0,0,-4,0,0,0,0,0,0,0,0,0,0,-5,0,-1,0.0,-1,32,0.0,0,0.0,0.0,0,-1
5080cebb0a86b4a546711c5156cb487b85f5b297,discourse,2026-04-02 13:42:55 +0800,Natalie Tay,FIX: resolve localized tag names via ID when creating or editing topics (#39026),7,0,58,37,21,0,0,2,0,0,0,0,0,0,0,0,0,0,2,0,-1,0.0,-1,28,0.0,0,0.0,0.0,0,0
103408f0eb01e6234e29ada6e34b5e182615b199,discourse,2026-04-01 23:27:32 -0300,Sérgio Saquetim,DEV: Add sidebar-discovery block outlet to discovery layout (#38937),3,0,44,0,44,0,0,6,0,0,0,0,0,0,0,0,0,0,2,0,-1,0.0,-1,30,0.0,0,0.0,0.0,0,2
6c2d77ef6699b36ea7fa41cc8c051b7ddc7ebf2b,discourse,2026-04-01 15:02:51 -0300,Rafael dos Santos Silva,FEATURE: Add full app mode toggle to embedding admin page (#39052),1,0,27,1,26,0,0,1,0,0,0,0,0,0,0,0,0,0,2,0,-1,0.0,-1,27,0.0,0,0.0,0.0,0,0
36424c90c73f90445591fb7c650addadd038f6b6,discourse,2026-04-02 01:50:56 +0800,Natalie Tay,FEATURE: Dynamic chart types for data explorer (#39036),1,0,25,0,25,0,0,3,0,0,0,0,0,0,0,0,0,0,0,0,-1,0.0,-1,30,0.0,1,0.0,0.0,0,1
7633f0d0ac97dfa3a6163feabd3a948b441ec650,discourse,2026-04-01 18:16:26 +0200,Jarek Radosz,"Revert ""DEV: Remove the old non-rollup plugin compiler (#39009)"" (#39047)",10,0,350,7,343,1,0,18,0,0,0,0,0,0,0,0,0,0,1,0,-1,0.0,-1,31,0.0,6,0.0,0.0,1,5
2527b2b2a6d61d0e1dfd139d3fb19b0061bb9dc7,discourse,2026-04-01 17:25:46 +0200,Régis Hanol,"FIX: Respect ""Notify users"" checkbox for group email invitations (#39042)",1,0,48,1,47,0,0,0,0,0,0,0,0,0,0,0,0,0,0,0,-1,0.0,-1,31,0.0,0,0.0,0.0,0,0
81cac8ba49202d31982fdf43168901fda6897638,discourse,2026-04-01 17:12:23 +0200,Jarek Radosz,DEV: Remove the old non-rollup plugin compiler (#39009),10,0,7,350,-343,0,0,-18,0,0,0,0,0,0,0,0,0,0,-1,0,-1,0.0,-1,30,0.0,-6,0.0,0.0,0,-1
9384391980480d3cf8f63abc1bf6ca11b5dbb28b,discourse,2026-04-01 15:47:30 +0100,David Battersby,FEATURE: add setting to opt out of solved notifications (#38730),1,0,18,0,18,0,0,1,0,0,0,0,0,0,0,0,0,0,1,0,-1,0.0,-1,28,0.0,0,0.0,0.0,0,0
2c9ca260ce9c9653cd546f529f1608296b7ead00,discourse,2026-04-01 16:38:30 +0200,Régis Hanol,FIX: Prevent reactions on posts in archived topics (#39038),1,0,60,0,60,0,0,0,0,0,0,0,0,0,0,0,0,0,4,0,-1,0.0,-1,29,0.0,0,0.0,0.0,0,0
7bb9b3b473dd8e05c533febb0d3161f7f1b5167f,discourse,2026-04-01 14:35:15 +0100,David Battersby,FEATURE: solved notifications for tracked or watched topics (#38724),1,0,1,0,1,0,0,0,0,0,0,0,0,0,0,0,0,0,0,0,-1,0.0,-1,26,0.0,0,0.0,0.0,0,0
1fda82315eef91d8baeb78146f8ca6e3089055e6,discourse,2026-04-01 11:52:15 +0200,Régis Hanol,FIX: Show event popup on category calendar click (#38999),2,0,161,1,160,0,0,7,0,0,0,0,0,0,0,0,0,0,4,0,-1,0.0,-1,29,0.0,0,0.0,0.0,0,2
cbb63ef66a3bfa8c51862950919094639889551b,discourse,2026-04-01 08:47:23 +1100,Sam,FEATURE: Add advanced OAuth options for MCP servers (#38913),1,0,3,0,3,0,0,0,0,0,0,0,0,0,0,0,0,0,0,0,-1,0.0,-1,30,0.0,0,0.0,0.0,0,0
3e4db41d66146dc3a16baea9e720a5ea64cabfdf,discourse,2026-03-31 20:02:22 +0200,Jarek Radosz,"DEV: Remove IE-related code, remove isAppleDevice helper (#39008)",4,0,11,43,-32,0,0,-2,0,0,0,0,0,0,0,0,0,0,0,0,-1,0.0,-1,32,0.0,0,0.0,0.0,0,0
1f4d83405f2d8522b22b3ae181878293187eb107,discourse,2026-03-31 22:53:37 +0800,Natalie Tay,FEATURE: Expand AI translation settings to allow choosing specific categories instead of just 'all public content' (#390,1,0,2,1,1,0,0,0,0,0,0,0,0,0,0,0,0,0,0,0,-1,0.0,-1,33,0.0,0,0.0,0.0,0,0
46edb174e237c6e57bda9c494160da0a174fe70d,discourse,2026-03-31 14:40:41 +0100,Sérgio Saquetim,SECURITY: Stored XSS via unescaped assignee name,3,1,137,7,130,0,0,0,0,0,0,0,0,0,0,0,0,0,1,1,-1,0.0,-1,37,0.0,1,0.0,0.0,0,2
c34f2aac8dcd1ae2886fa84256f607bc003f9d80,discourse,2026-03-31 14:40:35 +0100,Alan Guo Xiang Tan,SECURITY: Fixes for discourse-subscriptions,2,0,3,10,-7,0,0,0,0,0,0,0,0,0,0,0,0,0,0,0,-1,0.0,-1,36,0.0,0,0.0,0.0,0,0
a53910e606031747a13e14337be4541ecb0789f6,discourse,2026-03-31 10:01:46 -0400,Kris,"UX: improve ""back to forum"" tracking for AI conversations (#38994)",1,0,5,2,3,0,0,0,0,0,0,0,0,0,0,0,0,0,0,0,-1,0.0,-1,41,0.0,0,0.0,0.0,0,0
c12e7a212c18fe334a887c8d84606ec235de9eea,discourse,2026-03-30 15:40:09 -0300,Sérgio Saquetim,DEV: Add form reset hooks to category editor (#38945),2,0,139,1,138,0,0,4,0,0,0,0,0,0,0,0,0,0,3,0,-1,0.0,-1,42,0.0,0,0.0,0.0,0,1
726dad407c2e21865f4cec475fb424dbdcead290,discourse,2026-03-30 15:39:23 -0300,Sérgio Saquetim,DEV: Add `commitField` to FormKit (#38944),2,0,108,0,108,0,0,4,0,0,0,0,0,0,0,0,0,0,3,0,-1,0.0,-1,41,0.0,0,0.0,0.0,0,1
18cb41f1a95114e3bc324f28178d794357c53d6b,discourse,2026-03-30 20:22:38 +0200,Jarek Radosz,DEV: Use raw related/suggested topic data in fixtures (#38982),1,0,69,5,64,0,0,0,0,0,0,0,0,0,0,0,0,0,0,0,-1,0.0,-1,40,0.0,0,0.0,0.0,0,0
67c45e8e912820b6564807342e2ba447832a8c21,discourse,2026-03-30 23:30:35 +0800,Natalie Tay,DEV: Update prompts for translations (#38965),1,0,1,1,0,0,0,0,0,0,0,0,0,0,0,0,0,0,0,0,-1,0.0,-1,41,0.0,0,0.0,0.0,0,0
3aba9c68cde79c7fadad5519c68214004a7d8d56,discourse,2026-03-30 13:13:58 +0200,Jarek Radosz,DEV: Update esbuild to 0.27.4 (#38957),1,0,1,0,1,0,0,0,0,0,0,0,0,0,0,0,0,0,0,0,-1,0.0,-1,42,0.0,0,0.0,0.0,0,0
86046da198d1db11903dfb06a5437847d044843d,discourse,2026-03-30 12:09:50 +0100,David Taylor,DEV: Drop legacy widget-related shims (#38860),39,0,0,925,-925,0,0,-15,0,0,0,0,0,0,0,0,0,0,-12,0,-1,0.0,-1,42,0.0,-8,0.0,0.0,0,-1
7e86723320226bcca0d2f359084b331bec85455f,discourse,2026-03-30 10:56:24 +0200,Régis Hanol,FIX: add missing server-side-only routes to Ember router (#38962),2,0,33,0,33,0,0,1,0,0,0,0,0,0,0,0,0,0,0,0,-1,0.0,-1,41,0.0,0,0.0,0.0,0,0
2fb2dcb1680fcb0a756d7e40ccf14cf816936465,discourse,2026-03-27 13:14:35 -0300,Rafael dos Santos Silva,FIX: Disable signup CTA in embed mode (#38924),1,0,4,0,4,0,0,1,0,0,0,0,0,0,0,0,0,0,1,0,-1,0.0,-1,42,0.0,0,0.0,0.0,0,0
49504a2c1358c031ba95e2b8425c4f6abae0829d,discourse,2026-03-27 11:15:15 +0000,David Taylor,DEV: Drop legacy modal controller deprecation (#38758),3,0,0,55,-55,0,0,-7,0,0,0,0,0,0,0,0,0,0,-2,0,-1,0.0,-1,42,0.0,0,0.0,0.0,0,-1
5420b2c0bbbafc21f4b55d2350d7965a29d52f79,discourse,2026-03-27 09:42:16 +1000,Martin Brennan,FEATURE: Show upcoming changes in admin search (#38893),4,0,84,0,84,0,0,2,0,0,0,0,0,0,0,0,0,0,0,0,-1,0.0,-1,42,0.0,0,0.0,0.0,0,0
a9bf76af1c10dda7349f1b9e430f114c7cb9e07a,discourse,2026-03-27 07:34:24 +1100,Sam,FIX: Improve MCP OAuth callback error handling (#38889),3,0,35,3,32,0,0,0,0,0,0,0,0,0,0,0,0,0,0,0,-1,0.0,-1,41,0.0,0,0.0,0.0,0,0
21d3beaf3972c1b494711b48f1df2527b459ae19,discourse,2026-03-26 15:47:40 +0100,Jarek Radosz,DEV: Update moment-timezone to 0.6.1 (#38895),2,0,100,100,0,0,0,0,0,0,0,0,0,0,0,0,0,0,0,0,-1,0.0,-1,42,0.0,0,0.0,0.0,0,0
dbcbd0d896f0c5ee2aa405f7630ef075838b0fc6,discourse,2026-03-26 09:03:11 -0400,Kris,FEATURE: add modifier to restrict theme color schemes (#38796),4,0,77,20,57,0,0,9,0,0,0,0,0,0,0,0,0,0,0,0,-1,0.0,-1,42,0.0,0,0.0,0.0,0,2
224ac3145fb6ab59256563e60ac39d8a3956c553,discourse,2026-03-26 10:03:11 +0100,Régis Hanol,FEATURE: Add setting to disable vote limits in topic voting (#38823),1,0,1,0,1,0,0,0,0,0,0,0,0,0,0,0,0,0,0,0,-1,0.0,-1,44,0.0,0,0.0,0.0,0,0
768d90d2aa24c8dd810823fcbf4963c7114083b5,discourse,2026-03-26 09:39:11 +0100,Régis Hanol,FIX: Discard draft modal shown after submitting post for approval (#38870),1,0,1,1,0,0,0,0,0,0,0,0,0,0,0,0,0,0,0,0,-1,0.0,-1,43,0.0,0,0.0,0.0,0,0
6800ad3adf3ef9c3caeb9a4d849997c7a3dc98d7,discourse,2026-03-25 22:44:03 +0000,David Taylor,DEV: Delete unused `lib/eyeline.js` (#38875),1,0,0,86,-86,0,0,-10,0,0,0,0,0,0,0,0,0,0,-4,0,-1,0.0,-1,39,0.0,0,0.0,0.0,0,-1
3b91df76609056c53889b6905d48a682685031bc,discourse,2026-03-25 23:22:08 +0100,Jarek Radosz,FIX: Remove async from module broker (#38878),2,0,8,10,-2,0,0,0,0,0,0,0,0,0,0,0,0,0,0,0,-1,0.0,-1,40,0.0,0,0.0,0.0,0,0
f276be02d1f7c1a327af4c5b69a944fc34452cfb,discourse,2026-03-25 11:08:49 -0700,Keegan George,UX: Embed mode improvements (#38876),2,0,23,9,14,0,0,0,0,0,0,0,0,0,0,0,0,0,-1,0,-1,0.0,-1,37,0.0,1,0.0,0.0,0,0
4b8ee95994530cd4d16adf5763eee55aafccd110,discourse,2026-03-26 00:17:09 +0800,Natalie Tay,FEATURE: Add category locale field to localizations tab (#38852),2,0,7,0,7,0,0,1,0,0,0,0,0,0,0,0,0,0,0,0,-1,0.0,-1,41,0.0,0,0.0,0.0,0,0
2eac80093df391a8bf617185683db36cc2745f09,discourse,2026-03-25 08:08:45 -0700,Keegan George,UX: enhancements for embed mode (#38848),2,0,45,0,45,0,0,3,0,0,0,0,0,0,0,0,0,0,6,0,-1,0.0,-1,35,0.0,0,0.0,0.0,0,1
e7a0a69c05ee979a2baf5d0314190387420f22a6,discourse,2026-03-25 14:01:43 +0000,David Taylor,DEV: Drop deprecated `discourse.breadcrumbs.*` code (#38862),1,0,0,12,-12,0,0,0,0,0,0,0,0,0,0,0,0,0,0,0,-1,0.0,-1,39,0.0,0,0.0,0.0,0,0
075ae6fa2dd932e4936cf38f29f8c2f24667468b,discourse,2026-03-25 14:00:43 +0000,David Taylor,DEV: Drop deprecated `discourse.add-flag-property` code (#38864),1,0,0,1,-1,0,0,0,0,0,0,0,0,0,0,0,0,0,0,0,-1,0.0,-1,38,0.0,0,0.0,0.0,0,0
1d4c0eafc6532e2fbed550f21037ec23607f6548,discourse,2026-03-25 13:30:15 +0000,David Taylor,DEV: Drop deprecated `discourse.add-header-panel` code (#38863),1,0,0,1,-1,0,0,0,0,0,0,0,0,0,0,0,0,0,0,0,-1,0.0,-1,37,0.0,0,0.0,0.0,0,0
d39c75c1124f3381ff2aeea187539597ae07ba7f,discourse,2026-03-25 12:13:32 +0000,David Taylor,DEV: Drop `discourse.bootbox` from deprecation-workflow (#38861),1,0,0,1,-1,0,0,0,0,0,0,0,0,0,0,0,0,0,0,0,-1,0.0,-1,36,0.0,0,0.0,0.0,0,0
6496c18b9efcee323d23e63346f909a50ad514ce,discourse,2026-03-25 10:49:23 +0000,David Taylor,DEV: Drop `discourse-plugin` and `x-handlebars` inline scripts (#38856),1,0,0,2,-2,0,0,0,0,0,0,0,0,0,0,0,0,0,0,0,-1,0.0,-1,36,0.0,0,0.0,0.0,0,0
b2d73b346d254809fd5b4b2e00507e2beee2997f,discourse,2026-03-25 17:32:27 +1100,Sam,FEATURE: Add MCP server integration to AI agents (#38706),11,0,168,13,155,0,0,0,0,0,0,0,0,0,0,0,0,0,5,0,-1,0.0,-1,38,0.0,1,0.0,0.0,0,0
27d59a339e0b9ea84e9b1040d0813f17599f849a,discourse,2026-03-25 04:40:10 +0100,Régis Hanol,FIX: Admin sidebar links corrupted when toggling upcoming changes (#38828),2,0,36,46,-10,0,0,-2,0,0,0,0,0,0,0,0,0,0,0,0,-1,0.0,-1,33,0.0,0,0.0,0.0,0,0
588b793995f9b8edd865e8a97d868d5b53334417,discourse,2026-03-25 03:33:58 +0100,Régis Hanol,UX: Change chat integration plugin to follow newer admin plugin UI guidelines (#37160),21,0,162,140,22,0,0,0,0,0,0,0,0,0,0,0,0,0,-2,0,-1,0.0,-1,32,0.0,0,0.0,0.0,0,0
1cb6d36fefa8bd9099a53777240be63d4678f332,discourse,2026-03-25 07:52:31 +1000,Martin Brennan,FEATURE: Merge permanent upcoming changes with new features feed (#38526),1,0,3,3,0,0,0,1,0,0,0,0,0,0,0,0,0,0,0,0,-1,0.0,-1,34,0.0,0,0.0,0.0,0,0
9707c5430da38644b64447d5394a538cce01d8ba,discourse,2026-03-24 20:01:44 +0100,Régis Hanol,FIX: Unify dismiss new topics code path and toggle off bulk select (#38835),2,0,12,0,12,0,0,0,0,0,0,0,0,0,0,0,0,0,0,0,-1,0.0,-1,33,0.0,0,0.0,0.0,0,0
2a27c9201376853fc62de765b011bcbf7a341a6b,discourse,2026-03-24 17:52:46 +0100,Jarek Radosz,DEV: Improve test selection stability in system specs (#38832),1,0,1,2,-1,0,0,0,0,0,0,0,0,0,0,0,0,0,0,0,-1,0.0,-1,32,0.0,0,0.0,0.0,0,0
9be63e8ea92f0b399b00166a276e1fec1576146f,discourse,2026-03-24 17:52:16 +0100,Jarek Radosz,DEV: Make imports in pretty-text easier for rolldown to handle (#38830),2,0,5,5,0,0,0,0,0,0,0,0,0,0,0,0,0,0,0,0,-1,0.0,-1,31,0.0,0,0.0,0.0,0,0
fe33ea85d2b750ee605c56db7c4109e0cea8a131,discourse,2026-03-24 17:03:51 +0100,Jarek Radosz,DEV: Individual test stability fixes (#38829),2,0,2,3,-1,0,0,0,0,0,0,0,0,0,0,0,0,0,0,0,-1,0.0,-1,30,0.0,0,0.0,0.0,0,0
4d6e65b6dc857114cb96f263e92b40432ba4547d,discourse,2026-03-24 16:42:22 +0100,Jarek Radosz,DEV: Run eslint of frontend fixtures (#38825),3,0,6,5,1,0,0,0,0,0,0,0,0,0,0,0,0,0,0,0,-1,0.0,-1,29,0.0,0,0.0,0.0,0,0
e8f4e72ce1b6ae71c532a6e717b87dc38b106bce,discourse,2026-03-24 15:59:54 +0100,Régis Hanol,FIX: Use `history.replace` for external permalink redirects (#38824),3,0,10,4,6,0,0,1,0,0,0,0,0,0,0,0,0,0,0,0,-1,0.0,-1,28,0.0,0,0.0,0.0,0,0
fecaf8dbce4837fe9da08d6aa3544a09f210be10,discourse,2026-03-24 10:26:13 -0300,Rafael dos Santos Silva,DEV: Expose agent RAG as a standard tool (#38691),2,0,0,3,-3,0,0,0,0,0,0,0,0,0,0,0,0,0,0,0,-1,0.0,-1,26,0.0,0,0.0,0.0,0,0
885c9eded25f591a35d159c01e9107fa44b4010c,discourse,2026-03-24 14:07:21 +0100,Régis Hanol,FIX: Handle external permalink redirects during in-app navigation (#38767),3,0,43,7,36,0,0,2,0,0,0,0,0,0,0,0,0,0,6,0,-1,0.0,-1,27,0.0,0,0.0,0.0,0,0
e47fc27a9be2d91407bfb61637292cd522926b5d,discourse,2026-03-24 12:33:41 +0000,David Taylor,DEV: Add missing `waitForPromise` calls (#38819),7,0,26,9,17,0,0,0,0,0,0,0,0,0,0,0,0,0,6,0,-1,0.0,-1,27,0.0,0,0.0,0.0,0,0
767334edd19417b8a496affc7fcb4c66e71f7749,discourse,2026-03-24 12:32:44 +0000,David Taylor,DEV: Remove unused controller injection (#38818),1,0,1,3,-2,0,0,0,0,0,0,0,0,0,0,0,0,0,0,0,-1,0.0,-1,26,0.0,0,0.0,0.0,0,0
2c3ce25631daa53bab629eb50f03072f354a9713,discourse,2026-03-24 13:22:00 +0800,Alan Guo Xiang Tan,UX: Add permalink anchors to tag group headings on /tags page (#38813),2,0,12,0,12,0,0,0,0,0,0,0,0,0,0,0,0,0,1,0,-1,0.0,-1,27,0.0,0,0.0,0.0,0,0
a1b6e5a03ec6ecb10d64a9a7426bb5acbcc69827,discourse,2026-03-24 10:41:34 +1000,Martin Brennan,UX: Minor category copyedits (#38775),3,0,4,1,3,0,0,0,0,0,0,0,0,0,0,0,0,0,0,0,-1,0.0,-1,26,0.0,0,0.0,0.0,0,0
a3f24f3618340c68e04582bcfee8b1a70fd655a4,discourse,2026-03-24 00:17:40 +0100,Jarek Radosz,DEV: Correctly handle user timezone from backend (#38801),2,0,24,0,24,0,0,1,0,0,0,0,0,0,0,0,0,0,0,0,-1,0.0,-1,26,0.0,0,0.0,0.0,0,0
375581ed9875407d4cbeda8cec86c96567955c90,discourse,2026-03-23 17:44:41 -0300,Sérgio Saquetim,DEV: Migrate to @ember/reactive/collections (#38221),67,0,244,186,58,1,0,3,0,0,0,0,0,0,0,0,0,0,4,0,-1,0.0,-1,24,0.0,0,0.0,0.0,1,4
2ca2f44e7d49df32b4d90eb03799b13da6e03650,discourse,2026-03-23 19:35:34 +0100,Régis Hanol,FIX: Prevent failed permanent delete from recovering soft-deleted post (#38793),3,0,63,17,46,0,0,1,0,0,0,0,0,0,0,0,0,0,1,0,-1,0.0,-1,25,0.0,0,0.0,0.0,0,0
7e6ca8762acac16203f492b5ae6a9c8e359451fd,discourse,2026-03-23 15:08:10 -0300,Sérgio Saquetim,DEV: Add `post-stream-update-from-json` behavior transformer and `TopicList` refactor (#38766),3,0,81,17,64,0,0,0,0,0,0,0,0,0,0,0,0,0,1,0,-1,0.0,-1,24,0.0,0,0.0,0.0,0,0
f369c4d2c72eecbc311e7b96aff17a4b214b0d22,discourse,2026-03-23 17:09:58 +0100,Régis Hanol,FIX: Turn off bulk select after dismissing topics (#38790),1,0,2,0,2,0,0,0,0,0,0,0,0,0,0,0,0,0,0,0,-1,0.0,-1,23,0.0,0,0.0,0.0,0,0
b00898011cbb84ed47f7649847bf7f089779bca0,discourse,2026-03-23 13:48:22 +0100,Jarek Radosz,DEV: Add admin notices for pre-3.0 deprecations (#38783),4,0,31,14,17,0,0,0,0,0,0,0,0,0,0,0,0,0,0,0,-1,0.0,-1,24,0.0,0,0.0,0.0,0,0
47dac95a4e948c97a724fc35f9076eb570b4afce,discourse,2026-03-23 12:49:33 +0100,Jarek Radosz,DEV: Make template-action deprecation notify admins (#38781),1,0,1,1,0,0,0,0,0,0,0,0,0,0,0,0,0,0,0,0,-1,0.0,-1,26,0.0,0,0.0,0.0,0,0
17c696234de9f3ea6d2a772ab38e685ad7906727,discourse,2026-03-20 16:48:03 +0000,David Taylor,DEV: Introduce deprecation for `.hbs` file extension (#38757),1,0,9,0,9,0,0,0,0,0,0,0,0,0,0,0,0,0,1,0,-1,0.0,-1,28,0.0,0,0.0,0.0,0,0
2b73d0329e14d035466289cc3091adefe806d7a0,discourse,2026-03-20 15:33:18 +0000,David Taylor,FIX: Handle colocated connectors in rollup theme/plugin compiler (#38755),1,0,4,1,3,0,0,0,0,0,0,0,0,0,0,0,0,0,0,0,-1,0.0,-1,27,0.0,0,0.0,0.0,0,0
298c0208e67aecb58139cc0ee582907e9a9105ef,discourse,2026-03-20 09:50:15 +0100,Régis Hanol,FIX: Use replacement icon class for all dot-namespaced icon IDs (#38713),4,0,19,6,13,0,0,4,0,0,0,0,0,0,0,0,0,0,0,0,-1,0.0,-1,25,0.0,0,0.0,0.0,0,1
30fd6f47b40a9d31a54b5dfae29823f2618e989d,discourse,2026-03-20 11:16:29 +1000,Martin Brennan,UX: hljs language selector sorting (#38704),2,1,22,1,21,0,0,0,0,0,0,0,0,0,0,0,0,0,0,0,-1,0.0,-1,26,0.0,0,0.0,0.0,0,0
3ed184bc40d845c43c1d9f1a3225d828e989f930,discourse,2026-03-19 13:43:27 -0400,Kris,A11Y: remove unneccessary listbox role from select-kit-header (#38735),1,1,0,2,-2,0,0,0,0,0,0,0,0,0,0,0,0,0,0,0,-1,0.0,-1,22,0.0,0,0.0,0.0,0,0
a5c7f6fab012e07d574f11d3a5c4faa122fe869f,discourse,2026-03-19 17:02:17 +0000,David Battersby,FIX: mention highlighting with case insensitive usernames (#38718),2,0,4,4,0,0,0,1,0,0,0,0,0,0,0,0,0,0,0,0,-1,0.0,-1,23,0.0,0,0.0,0.0,0,0
43c568582fab6cf877900513902940366c31c3cd,discourse,2026-03-19 13:00:48 -0400,Kris,A11Y: use list elements for tag list (#38731),1,0,6,2,4,0,0,0,0,0,0,0,0,0,0,0,0,0,0,0,-1,0.0,-1,21,0.0,0,0.0,0.0,0,0
c4762a4fac2f61f52f325396b11d3aeb955ea925,discourse,2026-02-16 20:00:28 -0500,Penar Musaraj,SECURITY: Disallow URL-encoded path traversal in iframe URLs,2,0,30,8,22,0,0,1,0,0,0,0,0,0,0,0,0,0,0,0,-1,0.0,-1,0,0.0,0,0.0,0.0,0,0
ab402b7aeef458c0c2e56e9346abc43c17a4e84b,discourse,2026-02-17 12:47:48 -0800,Keegan George,SECURITY: XSS in review queue via `highlightWatchedWords`,3,0,27,3,24,0,0,1,0,0,0,0,0,0,0,0,0,0,-1,0,-1,0.0,-1,1,0.0,0,0.0,0.0,0,0
472f9e1f7855307e489e9eaa6825d5335dfc08b5,discourse,2026-02-18 10:54:15 -0500,Penar Musaraj,SECURITY: Sanitize graphviz SVG anchor links to prevent XSS,1,0,1,0,1,0,0,0,0,0,0,0,0,0,0,0,0,0,0,0,-1,0.0,-1,2,0.0,0,0.0,0.0,0,0
4b6169028f201396771a14e02c3cb75a1504e309,discourse,2026-03-19 22:23:39 +0800,Natalie Tay,UX: Update copy for topic bulk actions (#38714),1,0,4,0,4,0,0,0,0,0,0,0,0,0,0,0,0,0,0,0,-1,0.0,-1,24,0.0,0,0.0,0.0,0,0
74d532c55975dc1ec992317f6e4bccd266fd0d17,discourse,2026-03-19 11:44:54 +0000,David Taylor,DEV: Enable rollup plugin compiler by default (#38658),2,0,2,2,0,0,0,0,0,0,0,0,0,0,0,0,0,0,0,0,-1,0.0,-1,20,0.0,0,0.0,0.0,0,0
c557cafe4387309ad2ba48df307ecf2b35b26782,discourse,2026-03-18 11:29:30 -0500,Bannon Tanner,FEAT: add all_day option to calendar events (#38511),3,0,14,2,12,0,0,1,0,0,0,0,0,0,0,0,0,0,0,0,-1,0.0,-1,16,0.0,0,0.0,0.0,0,0
b3eb3c7a708508b8059cd87e49c5f98480014989,discourse,2026-03-18 14:45:00 +0100,Régis Hanol,FIX: Prevent duplicate table edit buttons on quoted tables (#38689),1,0,6,0,6,0,0,1,0,0,0,0,0,0,0,0,0,0,0,0,-1,0.0,-1,18,0.0,0,0.0,0.0,0,0
5b2956a574c921dc94b25b2b0be08cea84231e95,discourse,2026-03-18 11:33:38 +0100,Jarek Radosz,DEV: Rename `pretender` export for easier autoimport (#38684),2,0,12,12,0,0,0,0,0,0,0,0,0,0,0,0,0,0,0,0,-1,0.0,-1,17,0.0,0,0.0,0.0,0,0
75ebc4f1c7b22d0b788a66954a120f74bbcd4701,discourse,2026-03-18 16:13:34 +1000,Martin Brennan,FEATURE: Allow removal of Support category type (#38650),6,0,48,10,38,0,0,3,0,0,0,0,0,0,0,0,0,0,1,0,-1,0.0,-1,19,0.0,0,0.0,0.0,0,1
5671a8a760862ce5fee164851b3a758ebe00a178,discourse,2026-03-17 23:37:18 +0100,Joffrey JAFFEUX,FIX: ensures email_in_enabled (#38660),1,0,1,0,1,0,0,0,0,0,0,0,0,0,0,0,0,0,0,0,-1,0.0,-1,15,0.0,0,0.0,0.0,0,0
cfa690841c6cf0282aac719f912997af55236b54,discourse,2026-03-17 20:03:41 +0100,Jarek Radosz,DEV: Name all test fixtures for easier auto-import (#38665),33,0,102,36,66,0,0,0,0,0,0,0,0,0,0,0,0,0,0,0,-1,0.0,-1,14,0.0,0,0.0,0.0,0,0
9954d2ba15b7bf6040a91dc17f1c1c63e6aacb17,discourse,2026-03-17 13:05:54 -0300,Rafael dos Santos Silva,UX: Show year in topic summary date when not current year (#38661),1,0,4,2,2,0,0,0,0,0,0,0,0,0,0,0,0,0,0,0,-1,0.0,-1,12,0.0,0,0.0,0.0,0,0
cda4b34e2c7c7995e215f9cff8789982d9699c24,discourse,2026-03-17 10:28:20 -0300,Rafael dos Santos Silva,FEATURE: Add calendar subscription URLs to user preferences (#38598),2,0,8,0,8,0,0,0,0,0,0,0,0,0,0,0,0,0,1,0,-1,0.0,-1,10,0.0,0,0.0,0.0,0,0
a44f5cb9e108daa34a7f718b94b4cd6015ebfa4c,discourse,2026-03-17 13:54:35 +0100,Jarek Radosz,DEV: Fix the theme-qunit redirect (#38657),2,0,4,4,0,0,0,0,0,0,0,0,0,0,0,0,0,0,0,0,-1,0.0,-1,13,0.0,0,0.0,0.0,0,0
f0bf8f69a8dd90ef4233ef47cd34e6c7b8582b00,discourse,2026-03-17 11:10:12 +0000,David Taylor,DEV: Remove `dropFrom` parameter from deprecations (#38656),26,2,3,48,-45,0,0,-1,0,0,0,0,0,0,0,0,0,0,0,0,-1,0.0,-1,11,0.0,0,0.0,0.0,0,0
1012851c14efa67f6721c2c0f63270a7b55cff5b,discourse,2026-03-17 09:54:00 +1000,Martin Brennan,FEATURE: Gate Support category type creation behind upcoming change (#38571),2,0,19,2,17,0,0,1,0,0,0,0,0,0,0,0,0,0,0,0,-1,0.0,-1,9,0.0,0,0.0,0.0,0,0
3ff7b6014b476212f5f8b99e8fcab105a30546ec,discourse,2026-03-16 15:53:49 -0500,Jordan Vidrine,UX: adjust bookmark menu (#38629),1,0,6,6,0,0,0,0,0,0,0,0,0,0,0,0,0,0,0,0,-1,0.0,-1,8,0.0,0,0.0,0.0,0,0
249a2c1c3490129e05b8f2a2b76a000bc35cbf63,discourse,2026-03-16 13:30:45 -0700,Isaac Janzen,DEV: fix missing routeWillChange cleanup in scroll-direction service (#38633),1,0,1,0,1,0,0,0,0,0,0,0,0,0,0,0,0,0,0,0,-1,0.0,-1,5,0.0,0,0.0,0.0,0,0
e88573a1e2d2a0468fe31b05b0770a14afb347ea,discourse,2026-03-16 13:03:33 -0700,Isaac Janzen,DEV: fix null crash in dashboard-new-features on feed error (#38628),1,0,27,0,27,0,0,0,0,0,0,0,0,0,0,0,0,0,3,0,-1,0.0,-1,4,0.0,1,0.0,0.0,0,0
40b694fed4eda42a42931fb35f09b51f75629ca1,discourse,2026-03-16 13:02:55 -0700,Isaac Janzen,DEV: capture modal trigger element before async operations (#38630),1,0,5,3,2,0,0,0,0,0,0,0,0,0,0,0,0,0,0,0,-1,0.0,-1,3,0.0,0,0.0,0.0,0,0
4f3613eefbbdf2747fead844bfc32780598eabb1,discourse,2026-03-16 09:45:07 -0700,Isaac Janzen,DEV: Improve banner topic permissions for read-restricted and unlisted topics (#38556),3,0,32,1,31,0,0,2,0,0,0,0,0,0,0,0,0,0,0,0,-1,0.0,-1,1,0.0,0,0.0,0.0,0,0
c29e72280157a0b844657b42d441ebb577117d6b,discourse,2026-03-16 10:23:57 -0500,Bannon Tanner,FEAT: category-specific topic title placeholder (#38593),4,0,50,0,50,0,0,0,0,0,0,0,0,0,0,0,0,0,0,0,-1,0.0,-1,2,0.0,0,0.0,0.0,0,0
2a53237e2c8af393859a83adc4a609abe37fcf5a,discourse,2026-03-16 15:39:22 +0100,chapoi,DEV: New component: segmented control (#38242),1,0,6,0,6,0,0,0,0,0,0,0,0,0,0,0,0,0,1,0,-1,0.0,-1,7,0.0,0,0.0,0.0,0,0
97c257e00c063cd5127989c2794693eec8f8ff4e,discourse,2026-03-16 14:32:57 +0100,Régis Hanol,DEV: Auto-generate emojiReplacementRegex from emoji database (#38491),2,0,4,4,0,0,0,0,0,0,0,0,0,0,0,0,0,0,0,0,-1,0.0,-1,6,0.0,0,0.0,0.0,0,0
7d2a01a2839b9590118c4e2830f886c7906e8e87,discourse,2026-03-15 20:38:37 -0300,Renato Atilio,UX: always show composer toolbar by default on mobile (#38611),1,0,5,10,-5,0,0,-1,0,0,0,0,0,0,0,0,0,0,0,0,-1,0.0,-1,0,0.0,0,0.0,0.0,0,0
